SWF,2015,7,62,771
SWF,2015,8,63,901
SWF,2015,9,60,468
SYR,2015,1,464,5986
SYR,2015,11,595,-98
SYR,2015,12,606,3821
SYR,2015,2,421,7303
SYR,2015,3,500,2849
SYR,2015,4,417,1262
SYR,2015,5,476,539
SYR,2015,6,484,2997
SYR,2015,7,539,3828
SYR,2015,8,572,3962
SYR,2015,9,532,2074
TLH,2015,1,329,1953
TLH,2015,11,257,-267
TLH,2015,12,264,2011
TLH,2015,2,292,3304
TLH,2015,3,356,833
TLH,2015,4,290,147
TLH,2015,5,281,559
TLH,2015,6,283,4486
TLH,2015,7,283,1538
TLH,2015,8,293,1928
TLH,2015,9,258,461
TOL,2015,1,89,2069
TOL,2015,11,84,-458
TOL,2015,12,85,-226
TOL,2015,2,80,1739
TOL,2015,3,89,163
TOL,2015,4,86,-1138
TOL,2015,5,87,-565
TOL,2015,6,90,-42
TOL,2015,7,91,-422
TOL,2015,8,93,-457
TOL,2015,9,87,-493
TPA,2015,1,5964,16638
TPA,2015,11,5664,-12061
TPA,2015,12,6078,37694
TPA,2015,2,5456,35051
TPA,2015,3,6848,33119
TPA,2015,4,6152,8577
TPA,2015,5,5895,19520
TPA,2015,6,5712,59152
TPA,2015,7,5833,51554
TPA,2015,8,5371,41930
TPA,2015,9,4768,10964
TRI,2015,1,167,-154
TRI,2015,11,151,-120
TRI,2015,12,178,-131
TRI,2015,2,151,244
TRI,2015,3,173,600
TRI,2015,4,165,209
TRI,2015,5,194,278
TRI,2015,6,196,815
TRI,2015,7,195,1295
TRI,2015,8,198,1001
TRI,2015,9,161,-78
TTN,2015,1,239,5873
TTN,2015,11,267,1147
TTN,2015,12,276,2549
TTN,2015,2,206,11123
TTN,2015,3,231,6951
TTN,2015,4,233,1671
TTN,2015,5,279,2440
TTN,2015,6,269,4634
TTN,2015,7,278,4479
TTN,2015,8,279,3975
TTN,2015,9,270,3293
TUL,2015,1,1285,9240
TUL,2015,11,1200,6008
TUL,2015,12,1167,8727
TUL,2015,2,1192,8210
TUL,2015,3,1449,9410
TUL,2015,4,1229,5784
TUL,2015,5,1234,12218
TUL,2015,6,1302,16080
TUL,2015,7,1284,9329
TUL,2015,8,1291,6637
TUL,2015,9,1311,-963
TUS,2015,1,1452,10634
TUS,2015,11,1354,5847
TUS,2015,12,1369,8958
TUS,2015,2,1362,7627
TUS,2015,3,1623,5555
TUS,2015,4,1525,11011
TUS,2015,5,1473,10107
TUS,2015,6,1250,13234
TUS,2015,7,1248,13024
TUS,2015,8,1268,6494
TUS,2015,9,1166,-1803
TVC,2015,1,198,4188
TVC,2015,11,197,277
TVC,2015,12,195,-26
TVC,2015,2,195,3496
TVC,2015,3,246,370
TVC,2015,4,237,-232
TVC,2015,5,196,-1054
TVC,2015,6,303,1092
TVC,2015,7,382,-493
TVC,2015,8,377,-845
TVC,2015,9,228,205
TWF,2015,1,62,135
TWF,2015,11,81,195
TWF,2015,12,70,1228
TWF,2015,2,53,46
TWF,2015,3,58,104
TWF,2015,4,56,75
TWF,2015,5,88,195
TWF,2015,6,86,-164
TWF,2015,7,89,952
TWF,2015,8,88,265
TWF,2015,9,83,-124
TXK,2015,1,89,743
TXK,2015,11,82,617
TXK,2015,12,89,403
TXK,2015,2,80,286
TXK,2015,3,92,914
TXK,2015,4,90,412
TXK,2015,5,93,317
TXK,2015,6,90,439
TXK,2015,7,92,451
TXK,2015,8,91,-33
TXK,2015,9,85,-188
TYR,2015,1,194,2863
TYR,2015,11,206,904
TYR,2015,12,190,-722
TYR,2015,2,181,1801
TYR,2015,3,208,2625
TYR,2015,4,201,1955
TYR,2015,5,218,1929
TYR,2015,6,224,2629
TYR,2015,7,233,1042
TYR,2015,8,225,1694
TYR,2015,9,214,-440
TYS,2015,1,601,8305
TYS,2015,11,582,3668
TYS,2015,12,556,5970
TYS,2015,2,548,8635
TYS,2015,3,665,7340
TYS,2015,4,633,1895
TYS,2015,5,677,7257
TYS,2015,6,679,12021
TYS,2015,7,702,9272
TYS,2015,8,683,5950
TYS,2015,9,628,1478
UST,2015,1,16,-69
UST,2015,11,17,-364
UST,2015,12,16,-185
UST,2015,2,13,299
UST,2015,3,12,-112
UST,2015,4,14,-127
UST,2015,5,13,232
UST,2015,6,13,-42
UST,2015,7,13,52
UST,2015,8,13,343
UST,2015,9,13,255
VEL,2015,1,51,-356
VEL,2015,2,48,-772
VEL,2015,3,53,-919
VEL,2015,4,51,-664
VLD,2015,1,87,245
VLD,2015,11,84,379
VLD,2015,12,84,797
VLD,2015,2,76,44
VLD,2015,3,88,1118
VLD,2015,4,84,504
VLD,2015,5,85,245
VLD,2015,6,86,581
VLD,2015,7,87,806
VLD,2015,8,87,1112
VLD,2015,9,82,568
VPS,2015,1,381,1415
VPS,2015,11,398,666
VPS,2015,12,416,2525
VPS,2015,2,343,2547
VPS,2015,3,437,4451
VPS,2015,4,439,2305
VPS,2015,5,465,4619
VPS,2015,6,531,7253
VPS,2015,7,540,1890
VPS,2015,8,490,2353
VPS,2015,9,404,137
WRG,2015,1,61,558
WRG,2015,11,58,-33
WRG,2015,12,58,-331
WRG,2015,2,55,-294
WRG,2015,3,62,904
WRG,2015,4,60,101
WRG,2015,5,61,278
WRG,2015,6,60,827
WRG,2015,7,62,495
WRG,2015,8,62,710
WRG,2015,9,60,290
WYS,2015,6,50,179
WYS,2015,7,53,480
WYS,2015,8,54,198
WYS,2015,9,50,11
XNA,2015,1,763,10956
XNA,2015,11,809,2696
XNA,2015,12,775,3283
XNA,2015,2,738,11310
XNA,2015,3,874,10715
XNA,2015,4,826,5286
XNA,2015,5,830,6987
XNA,2015,6,901,13052
XNA,2015,7,930,8442
XNA,2015,8,907,6095
XNA,2015,9,898,4
YAK,2015,1,59,-326
YAK,2015,11,58,-133
YAK,2015,12,60,-505
YAK,2015,2,56,-160
YAK,2015,3,62,349
YAK,2015,4,60,219
YAK,2015,5,62,-178
YAK,2015,6,60,152
YAK,2015,7,62,120
YAK,2015,8,62,196
YAK,2015,9,60,508
YUM,2015,1,166,1070
YUM,2015,11,160,26
YUM,2015,12,176,458
YUM,2015,2,156,511
YUM,2015,3,185,175
YUM,2015,4,178,535
YUM,2015,5,177,-292
YUM,2015,6,170,1788
YUM,2015,7,177,596
YUM,2015,8,174,1081
YUM,2015,9,157,101
SEA,2015,3,9248,8126
SEA,2015,4,9248,-14645
SEA,2015,5,10328,-6181
SEA,2015,6,11180,52671
SEA,2015,7,11979,40727
SEA,2015,8,12084,68709
SEA,2015,9,10501,-4500
SFO,2015,1,12847,59941
SFO,2015,11,13510,4493
SFO,2015,12,13796,284096
SFO,2015,2,11519,123356
SFO,2015,3,13394,19210
SFO,2015,4,13000,37282
SFO,2015,5,13511,129887
SFO,2015,6,13826,96419
SFO,2015,7,14417,128825
SFO,2015,8,14588,83300
SFO,2015,9,13306,-9733
SGF,2015,1,590,9591
SGF,2015,11,530,1819
SGF,2015,12,554,3359
SGF,2015,2,533,11108
SGF,2015,3,649,6198
SGF,2015,4,602,3285
SGF,2015,5,650,3275
SGF,2015,6,652,8251
SGF,2015,7,465,4467
SGF,2015,8,502,1328
SGF,2015,9,478,-31
SGU,2015,1,147,939
SGU,2015,11,171,1117
SGU,2015,12,160,1926
SGU,2015,2,136,217
SGU,2015,3,178,323
SGU,2015,4,175,737
SGU,2015,5,181,570
SGU,2015,6,150,1657
SGU,2015,7,153,1121
SGU,2015,8,155,689
SGU,2015,9,170,-28
SHV,2015,1,549,3853
SHV,2015,11,559,1148
SHV,2015,12,551,2499
SHV,2015,2,486,3242
SHV,2015,3,547,7008
SHV,2015,4,543,4180
SHV,2015,5,567,7181
SHV,2015,6,578,8038
SHV,2015,7,593,3515
SHV,2015,8,576,4120
SHV,2015,9,533,1289
SIT,2015,1,93,26
SIT,2015,11,87,879
SIT,2015,12,90,-235
SIT,2015,2,83,116
SIT,2015,3,93,604
SIT,2015,4,90,392
SIT,2015,5,117,-278
SIT,2015,6,174,-91
SIT,2015,7,186,610
SIT,2015,8,215,620
SIT,2015,9,110,151
SJC,2015,1,3321,6636
SJC,2015,11,3328,6782
SJC,2015,12,3310,23997
SJC,2015,2,3003,7071
SJC,2015,3,3331,5204
SJC,2015,4,3464,10901
SJC,2015,5,3662,15636
SJC,2015,6,3717,26211
SJC,2015,7,3821,35078
SJC,2015,8,3746,20275
SJC,2015,9,3439,960
SJT,2015,1,151,1182
SJT,2015,11,142,-282
SJT,2015,12,150,-356
SJT,2015,2,136,1269
SJT,2015,3,154,2520
SJT,2015,4,149,1175
SJT,2015,5,154,832
SJT,2015,6,146,373
SJT,2015,7,150,-25
SJT,2015,8,150,-500
SJT,2015,9,141,-838
SJU,2015,1,2338,17864
SJU,2015,11,2148,7571
SJU,2015,12,2581,37921
SJU,2015,2,1999,22347
SJU,2015,3,2263,19694
SJU,2015,4,2240,4330
SJU,2015,5,2136,6106
SJU,2015,6,2330,18042
SJU,2015,7,2551,16948
SJU,2015,8,2313,16508
SJU,2015,9,1714,872
SLC,2015,1,8621,1403
SLC,2015,11,8434,-9599
SLC,2015,12,8797,47766
SLC,2015,2,7863,8863
SLC,2015,3,9473,-2633
SLC,2015,4,8819,-2977
SLC,2015,5,8752,-12389
SLC,2015,6,8957,22263
SLC,2015,7,9484,17642
SLC,2015,8,9467,-1605
SLC,2015,9,8398,-30569
SMF,2015,1,3199,15823
SMF,2015,11,3242,6657
SMF,2015,12,3221,24310
SMF,2015,2,2938,16546
SMF,2015,3,3221,7349
SMF,2015,4,3368,12744
SMF,2015,5,3640,17216
SMF,2015,6,3548,33283
SMF,2015,7,3642,33783
SMF,2015,8,3633,28176
SMF,2015,9,3521,4973
SMX,2015,1,60,-100
SMX,2015,11,59,-344
SMX,2015,12,59,345
SMX,2015,2,55,197
SMX,2015,3,62,-25
SMX,2015,4,59,-214
SMX,2015,5,63,839
SMX,2015,6,60,-183
SMX,2015,7,62,7
SMX,2015,8,62,82
SMX,2015,9,60,-185
SNA,2015,1,3175,292
SNA,2015,11,3439,5092
SNA,2015,12,3563,14697
SNA,2015,2,2938,4699
SNA,2015,3,3372,-4229
SNA,2015,4,3301,3712
SNA,2015,5,3344,10970
SNA,2015,6,3347,9931
SNA,2015,7,3588,15725
SNA,2015,8,3611,4886
SNA,2015,9,3400,-7618
SPI,2015,1,128,1293
SPI,2015,11,140,1322
SPI,2015,12,147,957
SPI,2015,2,126,2386
SPI,2015,3,151,811
SPI,2015,4,142,862
SPI,2015,5,149,1269
SPI,2015,6,150,3188
SPI,2015,7,154,631
SPI,2015,8,153,315
SPI,2015,9,143,242
SPS,2015,1,106,983
SPS,2015,11,90,552
SPS,2015,12,90,-8
SPS,2015,2,102,884
SPS,2015,3,124,1333
SPS,2015,4,119,891
SPS,2015,5,122,1685
SPS,2015,6,119,509
SPS,2015,7,122,60
SPS,2015,8,122,-599
SPS,2015,9,112,-501
SRQ,2015,1,313,1065
SRQ,2015,11,297,-948
SRQ,2015,12,361,2616
SRQ,2015,2,330,1256
SRQ,2015,3,460,2305
SRQ,2015,4,358,1097
SRQ,2015,5,281,-90
SRQ,2015,6,292,-262
SRQ,2015,7,241,961
SRQ,2015,8,225,741
SRQ,2015,9,209,-378
STC,2015,1,58,1287
STC,2015,2,24,486
STL,2015,1,4076,20412
STL,2015,11,4176,-2298
STL,2015,12,4292,19075
STL,2015,2,3627,21267
STL,2015,3,4433,15021
STL,2015,4,4308,16279
STL,2015,5,4341,20162
STL,2015,6,4414,47919
STL,2015,7,4601,35785
STL,2015,8,4447,14000
STL,2015,9,4149,-13071
STT,2015,1,474,2149
STT,2015,11,311,1329
STT,2015,12,442,6701
STT,2015,2,429,4321
STT,2015,3,485,2104
STT,2015,4,474,-911
STT,2015,5,408,1573
STT,2015,6,383,1668
STT,2015,7,396,2660
STT,2015,8,348,1557
STT,2015,9,184,906
STX,2015,1,91,670
STX,2015,11,69,151
STX,2015,12,85,936
STX,2015,2,81,628
STX,2015,3,92,444
STX,2015,4,89,392
STX,2015,5,88,527
STX,2015,6,96,319
STX,2015,7,101,1141
STX,2015,8,84,349
STX,2015,9,60,551
SUN,2015,1,88,481
SUN,2015,11,44,-271
SUN,2015,12,65,600
SUN,2015,2,80,94
SUN,2015,3,111,41
SUN,2015,4,51,-135
SUN,2015,5,17,39
SUN,2015,6,77,367
SUN,2015,7,130,1185
SUN,2015,8,122,626
SUN,2015,9,79,-191
SUX,2015,1,58,1374
SUX,2015,11,54,-62
SUX,2015,12,57,-150
SUX,2015,2,52,1693
SUX,2015,3,58,527
SUX,2015,4,56,-219
SUX,2015,5,56,-557
SUX,2015,6,56,505
SUX,2015,7,58,-101
SUX,2015,8,57,-127
SUX,2015,9,56,-172
SWF,2015,1,61,501
SWF,2015,11,60,279
SWF,2015,12,62,590
SWF,2015,2,67,850
SWF,2015,3,63,-117
SWF,2015,4,63,337
SWF,2015,5,67,236
SWF,2015,6,61,8
RDD,2015,8,61,581
RDD,2015,9,60,368
RDM,2015,1,163,1200
RDM,2015,11,194,-260
RDM,2015,12,209,1980
RDM,2015,2,152,1493
RDM,2015,3,184,-202
RDM,2015,4,174,-673
RDM,2015,5,179,237
RDM,2015,6,227,1079
RDM,2015,7,243,369
RDM,2015,8,231,482
RDM,2015,9,189,-346
RDU,2015,1,2731,16397
RDU,2015,11,2855,3490
RDU,2015,12,2887,22038
RDU,2015,2,2421,17816
RDU,2015,3,2872,17621
RDU,2015,4,2853,6533
RDU,2015,5,3029,11317
RDU,2015,6,3189,34001
RDU,2015,7,3241,28028
RDU,2015,8,3029,22181
RDU,2015,9,2750,3780
RHI,2015,1,87,523
RHI,2015,11,83,401
RHI,2015,12,88,-310
RHI,2015,2,80,-214
RHI,2015,3,88,-14
RHI,2015,4,86,-313
RHI,2015,5,88,-397
RHI,2015,6,86,-354
RHI,2015,7,89,-478
RHI,2015,8,88,17
RHI,2015,9,86,-141
RIC,2015,1,1270,11390
RIC,2015,11,1402,4594
RIC,2015,12,1345,11264
RIC,2015,2,1171,11747
RIC,2015,3,1326,7219
RIC,2015,4,1304,3738
RIC,2015,5,1299,3260
RIC,2015,6,1448,17530
RIC,2015,7,1579,18558
RIC,2015,8,1615,15327
RIC,2015,9,1552,2883
RKS,2015,1,117,-385
RKS,2015,11,53,-138
RKS,2015,12,57,-269
RKS,2015,2,56,34
RKS,2015,3,61,-725
RKS,2015,4,56,-509
RKS,2015,5,56,-228
RKS,2015,6,54,610
RKS,2015,7,58,153
RKS,2015,8,57,74
RKS,2015,9,56,-786
RNO,2015,1,1092,4096
RNO,2015,11,1007,2654
RNO,2015,12,1095,12917
RNO,2015,2,991,5906
RNO,2015,3,1190,3657
RNO,2015,4,1191,5114
RNO,2015,5,1198,2813
RNO,2015,6,1358,12043
RNO,2015,7,1391,13805
RNO,2015,8,1328,5012
RNO,2015,9,1150,-1328
ROA,2015,1,138,1229
ROA,2015,11,203,1711
ROA,2015,12,197,2349
ROA,2015,2,140,1348
ROA,2015,3,223,1053
ROA,2015,4,217,482
ROA,2015,5,230,203
ROA,2015,6,226,1718
ROA,2015,7,230,2491
ROA,2015,8,235,2571
ROA,2015,9,219,-342
ROC,2015,1,607,5680
ROC,2015,11,750,859
ROC,2015,12,686,4155
ROC,2015,2,560,5829
ROC,2015,3,714,4792
ROC,2015,4,680,-655
ROC,2015,5,778,1393
ROC,2015,6,640,3917
ROC,2015,7,688,5458
ROC,2015,8,672,4503
ROC,2015,9,662,-508
ROW,2015,1,86,1122
ROW,2015,11,83,376
ROW,2015,12,86,-191
ROW,2015,2,79,1156
ROW,2015,3,93,472
ROW,2015,4,90,505
ROW,2015,5,88,537
ROW,2015,6,90,408
ROW,2015,7,90,114
ROW,2015,8,93,-611
ROW,2015,9,88,-386
RST,2015,1,187,3560
RST,2015,11,174,668
RST,2015,12,170,-248
RST,2015,2,174,3628
RST,2015,3,189,1409
RST,2015,4,184,-1098
RST,2015,5,182,-955
RST,2015,6,197,900
RST,2015,7,215,314
RST,2015,8,204,-260
RST,2015,9,174,-478
RSW,2015,1,3100,9271
RSW,2015,11,2465,-2810
RSW,2015,12,3020,21919
RSW,2015,2,3104,21873
RSW,2015,3,4072,19483
RSW,2015,4,3035,-3596
RSW,2015,5,2158,-1193
RSW,2015,6,1716,12340
RSW,2015,7,1699,8210
RSW,2015,8,1552,6501
RSW,2015,9,1367,4009
SAF,2015,1,115,1239
SAF,2015,11,85,489
SAF,2015,12,88,-136
SAF,2015,2,121,1648
SAF,2015,3,153,1124
SAF,2015,4,179,1223
SAF,2015,5,182,663
SAF,2015,6,183,1301
SAF,2015,7,154,297
SAF,2015,8,139,-612
SAF,2015,9,95,-849
SAN,2015,1,6082,9153
SAN,2015,11,5881,19434
SAN,2015,12,6217,37606
SAN,2015,2,5469,24288
SAN,2015,3,6554,2694
SAN,2015,4,6416,23174
SAN,2015,5,6583,31244
SAN,2015,6,6746,42984
SAN,2015,7,7006,53323
SAN,2015,8,6864,18943
SAN,2015,9,6155,-8061
SAT,2015,1,2583,20787
SAT,2015,11,2497,5238
SAT,2015,12,2590,14132
SAT,2015,2,2300,15849
SAT,2015,3,2741,16891
SAT,2015,4,2822,19147
SAT,2015,5,3003,24668
SAT,2015,6,2962,31285
SAT,2015,7,3001,24763
SAT,2015,8,2779,10794
SAT,2015,9,2467,-10671
SAV,2015,1,609,5171
SAV,2015,11,656,565
SAV,2015,12,563,3624
SAV,2015,2,560,6971
SAV,2015,3,679,2533
SAV,2015,4,745,1794
SAV,2015,5,801,1946
SAV,2015,6,758,8056
SAV,2015,7,742,5192
SAV,2015,8,749,2762
SAV,2015,9,661,102
SBA,2015,1,576,4684
SBA,2015,11,512,-1519
SBA,2015,12,458,3783
SBA,2015,2,482,4589
SBA,2015,3,479,1576
SBA,2015,4,561,841
SBA,2015,5,570,1404
SBA,2015,6,598,2462
SBA,2015,7,622,2091
SBA,2015,8,611,2218
SBA,2015,9,538,1432
SBN,2015,1,386,6831
SBN,2015,11,386,2118
SBN,2015,12,390,4483
SBN,2015,2,393,6900
SBN,2015,3,465,3686
SBN,2015,4,408,1766
SBN,2015,5,396,227
SBN,2015,6,402,4160
SBN,2015,7,397,3072
SBN,2015,8,410,3544
SBN,2015,9,411,824
SBP,2015,1,417,1924
SBP,2015,11,212,-199
SBP,2015,12,218,1080
SBP,2015,2,381,1635
SBP,2015,3,430,1361
SBP,2015,4,275,1282
SBP,2015,5,248,302
SBP,2015,6,239,131
SBP,2015,7,218,1129
SBP,2015,8,227,1302
SBP,2015,9,259,1026
SCC,2015,1,76,-15
SCC,2015,11,75,-159
SCC,2015,12,76,-165
SCC,2015,2,70,20
SCC,2015,3,76,438
SCC,2015,4,75,65
SCC,2015,5,78,-318
SCC,2015,6,78,223
SCC,2015,7,79,199
SCC,2015,8,79,-34
SCC,2015,9,77,144
SCE,2015,1,67,1131
SCE,2015,11,60,666
SCE,2015,12,69,505
SCE,2015,2,57,1287
SCE,2015,3,73,282
SCE,2015,4,73,196
SCE,2015,5,71,263
SCE,2015,6,86,2333
SCE,2015,7,147,1153
SCE,2015,8,144,262
SCE,2015,9,60,914
SDF,2015,1,941,7713
SDF,2015,11,924,1925
SDF,2015,12,841,6598
SDF,2015,2,873,7482
SDF,2015,3,1040,7512
SDF,2015,4,926,2888
SDF,2015,5,1056,4118
SDF,2015,6,990,10164
SDF,2015,7,908,6054
SDF,2015,8,871,2109
SDF,2015,9,812,-385
SEA,2015,1,8384,21490
SEA,2015,11,9703,-3894
SEA,2015,12,10366,41989
SEA,2015,2,7712,12528
PAH,2015,5,62,140
PAH,2015,6,60,969
PAH,2015,7,61,235
PAH,2015,8,62,835
PAH,2015,9,60,117
PBG,2015,1,31,345
PBG,2015,11,24,145
PBG,2015,12,31,749
PBG,2015,2,28,464
PBG,2015,3,31,520
PBG,2015,4,26,551
PBG,2015,5,22,106
PBG,2015,6,21,518
PBG,2015,7,26,343
PBG,2015,8,26,334
PBG,2015,9,16,221
PBI,2015,1,2420,13301
PBI,2015,11,2021,-3547
PBI,2015,12,2431,33714
PBI,2015,2,2255,26512
PBI,2015,3,2659,24385
PBI,2015,4,2318,5537
PBI,2015,5,1941,377
PBI,2015,6,1621,15945
PBI,2015,7,1676,10877
PBI,2015,8,1643,17567
PBI,2015,9,1550,7815
PDX,2015,1,3623,8851
PDX,2015,11,4373,-11862
PDX,2015,12,4512,24027
PDX,2015,2,3193,13099
PDX,2015,3,3884,1304
PDX,2015,4,3874,-2207
PDX,2015,5,4159,-7236
PDX,2015,6,4709,32032
PDX,2015,7,5110,23051
PDX,2015,8,5101,10322
PDX,2015,9,4464,-13375
PHF,2015,1,139,528
PHF,2015,11,112,1118
PHF,2015,12,105,1213
PHF,2015,2,103,317
PHF,2015,3,148,1365
PHF,2015,4,104,546
PHF,2015,5,93,-122
PHF,2015,6,109,1317
PHF,2015,7,118,1557
PHF,2015,8,119,1019
PHF,2015,9,109,519
PHL,2015,1,5773,44893
PHL,2015,11,5959,-2483
PHL,2015,12,5918,45112
PHL,2015,2,5189,33037
PHL,2015,3,5972,42691
PHL,2015,4,5825,15460
PHL,2015,5,6153,25579
PHL,2015,6,6203,67379
PHL,2015,7,6443,30094
PHL,2015,8,6400,23182
PHL,2015,9,6003,7455
PHX,2015,1,13105,43448
PHX,2015,11,12527,18600
PHX,2015,12,13308,64902
PHX,2015,2,11877,49003
PHX,2015,3,14497,4222
PHX,2015,4,13737,35380
PHX,2015,5,13797,32234
PHX,2015,6,13849,83276
PHX,2015,7,14251,85478
PHX,2015,8,13631,41592
PHX,2015,9,12009,-34774
PIA,2015,1,362,4918
PIA,2015,11,446,965
PIA,2015,12,457,620
PIA,2015,2,326,4701
PIA,2015,3,446,2424
PIA,2015,4,410,-166
PIA,2015,5,453,549
PIA,2015,6,375,2200
PIA,2015,7,441,899
PIA,2015,8,459,-649
PIA,2015,9,474,-901
PIB,2015,1,53,25
PIB,2015,11,51,-144
PIB,2015,12,53,-460
PIB,2015,2,48,508
PIB,2015,3,53,599
PIB,2015,4,51,397
PIB,2015,5,52,1613
PIB,2015,6,52,1060
PIB,2015,7,54,-399
PIB,2015,8,51,-288
PIB,2015,9,52,-646
PIH,2015,1,61,182
PIH,2015,11,53,134
PIH,2015,12,55,479
PIH,2015,2,52,-112
PIH,2015,3,58,-89
PIH,2015,4,56,-191
PIH,2015,5,57,-59
PIH,2015,6,56,-200
PIH,2015,7,58,-222
PIH,2015,8,70,-60
PIH,2015,9,76,-245
PIT,2015,1,2082,14030
PIT,2015,11,2167,-616
PIT,2015,12,2106,9732
PIT,2015,2,1944,15501
PIT,2015,3,2324,9315
PIT,2015,4,2111,2582
PIT,2015,5,2335,8893
PIT,2015,6,2310,24756
PIT,2015,7,2364,16795
PIT,2015,8,2278,16447
PIT,2015,9,2074,-1980
PLN,2015,1,53,397
PLN,2015,11,61,244
PLN,2015,12,61,121
PLN,2015,2,49,1258
PLN,2015,3,53,620
PLN,2015,4,52,332
PLN,2015,5,62,137
PLN,2015,6,86,-12
PLN,2015,7,120,1091
PLN,2015,8,93,757
PLN,2015,9,60,257
PNS,2015,1,630,4023
PNS,2015,11,455,830
PNS,2015,12,488,2796
PNS,2015,2,569,3806
PNS,2015,3,620,4112
PNS,2015,4,623,2885
PNS,2015,5,512,3241
PNS,2015,6,692,5559
PNS,2015,7,747,3322
PNS,2015,8,687,4119
PNS,2015,9,485,164
PPG,2015,1,10,8
PPG,2015,11,9,200
PPG,2015,12,10,182
PPG,2015,2,8,-24
PPG,2015,3,9,625
PPG,2015,4,8,33
PPG,2015,5,9,6
PPG,2015,6,11,-62
PPG,2015,7,14,-117
PPG,2015,8,11,-34
PPG,2015,9,8,-25
PSC,2015,1,180,2352
PSC,2015,11,290,589
PSC,2015,12,296,1934
PSC,2015,2,160,1525
PSC,2015,3,208,-538
PSC,2015,4,203,422
PSC,2015,5,186,-304
PSC,2015,6,200,1478
PSC,2015,7,265,1691
PSC,2015,8,238,1054
PSC,2015,9,202,-157
PSE,2015,1,71,-64
PSE,2015,11,64,164
PSE,2015,12,83,1768
PSE,2015,2,56,351
PSE,2015,3,60,503
PSE,2015,4,60,509
PSE,2015,5,62,-51
PSE,2015,6,73,1167
PSE,2015,7,93,1305
PSE,2015,8,62,1316
PSE,2015,9,60,438
PSG,2015,1,61,849
PSG,2015,11,57,97
PSG,2015,12,60,-241
PSG,2015,2,55,-8
PSG,2015,3,62,1063
PSG,2015,4,59,266
PSG,2015,5,62,300
PSG,2015,6,60,923
PSG,2015,7,62,733
PSG,2015,8,62,768
PSG,2015,9,60,-34
PSP,2015,1,1077,7041
PSP,2015,11,852,637
PSP,2015,12,882,3291
PSP,2015,2,1098,7953
PSP,2015,3,1298,2550
PSP,2015,4,1091,1928
PSP,2015,5,849,2581
PSP,2015,6,456,3384
PSP,2015,7,434,4794
PSP,2015,8,453,3330
PSP,2015,9,484,791
PUB,2015,1,53,669
PUB,2015,2,48,332
PUB,2015,3,53,-408
PUB,2015,4,52,-216
PUB,2015,5,52,-571
PUB,2015,6,6,-47
PVD,2015,1,1018,6866
PVD,2015,11,1068,-124
PVD,2015,12,1084,7246
PVD,2015,2,810,7921
PVD,2015,3,1058,6571
PVD,2015,4,998,2038
PVD,2015,5,976,2615
PVD,2015,6,985,12500
PVD,2015,7,991,13545
PVD,2015,8,995,10292
PVD,2015,9,1048,108
PWM,2015,1,226,1745
PWM,2015,11,379,1364
PWM,2015,12,418,3866
PWM,2015,2,255,2965
PWM,2015,3,323,2576
PWM,2015,4,377,2045
PWM,2015,5,428,1246
PWM,2015,6,554,5926
PWM,2015,7,628,7171
PWM,2015,8,613,3102
PWM,2015,9,468,8
RAP,2015,1,207,1841
RAP,2015,11,245,87
RAP,2015,12,217,1856
RAP,2015,2,209,435
RAP,2015,3,241,702
RAP,2015,4,207,-323
RAP,2015,5,308,1195
RAP,2015,6,407,3730
RAP,2015,7,513,3250
RAP,2015,8,435,1420
RAP,2015,9,265,40
RDD,2015,1,92,1164
RDD,2015,11,58,141
RDD,2015,12,61,346
RDD,2015,2,84,687
RDD,2015,3,66,363
RDD,2015,4,60,29
RDD,2015,5,62,793
RDD,2015,6,60,780
RDD,2015,7,62,92
MOT,2015,3,135,619
MOT,2015,4,110,530
MOT,2015,5,146,118
MOT,2015,6,180,1005
MOT,2015,7,218,819
MOT,2015,8,205,339
MOT,2015,9,203,109
MQT,2015,1,26,1146
MQT,2015,11,25,-101
MQT,2015,12,45,122
MQT,2015,2,24,866
MQT,2015,3,27,95
MQT,2015,4,26,166
MQT,2015,5,26,242
MQT,2015,6,25,446
MQT,2015,7,27,399
MQT,2015,8,26,-47
MQT,2015,9,26,1447
MRY,2015,1,322,1426
MRY,2015,11,228,-76
MRY,2015,12,216,1523
MRY,2015,2,286,2515
MRY,2015,3,260,1035
MRY,2015,4,266,453
MRY,2015,5,258,1493
MRY,2015,6,263,1829
MRY,2015,7,302,1348
MRY,2015,8,303,2997
MRY,2015,9,241,658
MSN,2015,1,821,8082
MSN,2015,11,743,63
MSN,2015,12,740,107
MSN,2015,2,788,10955
MSN,2015,3,865,3614
MSN,2015,4,751,612
MSN,2015,5,852,-508
MSN,2015,6,908,8445
MSN,2015,7,924,4718
MSN,2015,8,881,2880
MSN,2015,9,847,-2634
MSO,2015,1,135,-265
MSO,2015,11,128,-342
MSO,2015,12,177,303
MSO,2015,2,113,-252
MSO,2015,3,150,-385
MSO,2015,4,146,-634
MSO,2015,5,178,-713
MSO,2015,6,232,854
MSO,2015,7,303,1157
MSO,2015,8,280,991
MSO,2015,9,229,-1884
MSP,2015,1,8901,29505
MSP,2015,11,9804,12867
MSP,2015,12,9784,29337
MSP,2015,2,8209,55329
MSP,2015,3,9932,31637
MSP,2015,4,9990,15410
MSP,2015,5,10471,26429
MSP,2015,6,11353,92229
MSP,2015,7,11783,47402
MSP,2015,8,11613,32644
MSP,2015,9,10164,2258
MSY,2015,1,3320,6897
MSY,2015,11,3539,-4346
MSY,2015,12,3490,19590
MSY,2015,2,3247,16386
MSY,2015,3,3908,14696
MSY,2015,4,3718,20222
MSY,2015,5,3703,22492
MSY,2015,6,3493,34243
MSY,2015,7,3560,19105
MSY,2015,8,3414,13405
MSY,2015,9,3288,-7968
MTJ,2015,1,166,1630
MTJ,2015,11,26,261
MTJ,2015,12,123,1929
MTJ,2015,2,167,3046
MTJ,2015,3,144,626
MTJ,2015,4,21,167
MTJ,2015,5,1,-3
MTJ,2015,6,86,554
MTJ,2015,7,123,112
MTJ,2015,8,96,-77
MTJ,2015,9,40,230
MVY,2015,5,16,49
MVY,2015,6,38,84
MVY,2015,7,62,-109
MVY,2015,8,62,354
MVY,2015,9,27,-12
MYR,2015,1,266,2164
MYR,2015,11,298,594
MYR,2015,12,241,2822
MYR,2015,2,295,3442
MYR,2015,3,446,4321
MYR,2015,4,482,2304
MYR,2015,5,577,3039
MYR,2015,6,570,8578
MYR,2015,7,589,1616
MYR,2015,8,575,6247
MYR,2015,9,486,1914
OAJ,2015,1,112,565
OAJ,2015,11,108,1005
OAJ,2015,12,97,1159
OAJ,2015,2,102,697
OAJ,2015,3,94,939
OAJ,2015,4,102,1130
OAJ,2015,5,105,1097
OAJ,2015,6,102,1249
OAJ,2015,7,104,1510
OAJ,2015,8,106,1206
OAJ,2015,9,100,671
OAK,2015,1,3629,4815
OAK,2015,11,3824,10168
OAK,2015,12,3964,37922
OAK,2015,2,3238,13892
OAK,2015,3,3701,5077
OAK,2015,4,3796,7176
OAK,2015,5,3910,16386
OAK,2015,6,4052,32119
OAK,2015,7,4189,42335
OAK,2015,8,4138,24521
OAK,2015,9,3848,1801
OGG,2015,1,1917,8472
OGG,2015,11,1789,-12072
OGG,2015,12,1983,-2973
OGG,2015,2,1718,7642
OGG,2015,3,1960,10792
OGG,2015,4,1826,493
OGG,2015,5,1818,9165
OGG,2015,6,1939,8358
OGG,2015,7,1987,4848
OGG,2015,8,1923,14988
OGG,2015,9,1731,3711
OKC,2015,1,1380,12590
OKC,2015,11,1529,5809
OKC,2015,12,1510,10581
OKC,2015,2,1239,11274
OKC,2015,3,1373,10749
OKC,2015,4,1407,8660
OKC,2015,5,1393,14241
OKC,2015,6,1516,21201
OKC,2015,7,1621,14730
OKC,2015,8,1581,7996
OKC,2015,9,1539,-3444
OMA,2015,1,1543,13472
OMA,2015,11,1475,2080
OMA,2015,12,1552,9491
OMA,2015,2,1371,12536
OMA,2015,3,1631,6653
OMA,2015,4,1594,2088
OMA,2015,5,1609,7166
OMA,2015,6,1481,17817
OMA,2015,7,1568,10814
OMA,2015,8,1484,4587
OMA,2015,9,1413,-2225
OME,2015,1,58,76
OME,2015,11,55,1099
OME,2015,12,58,-94
OME,2015,2,55,518
OME,2015,3,61,820
OME,2015,4,59,96
OME,2015,5,61,2
OME,2015,6,59,425
OME,2015,7,61,322
OME,2015,8,62,496
OME,2015,9,59,194
ONT,2015,1,1587,10084
ONT,2015,11,1622,5987
ONT,2015,12,1562,10752
ONT,2015,2,1410,9335
ONT,2015,3,1556,4838
ONT,2015,4,1680,9529
ONT,2015,5,1742,15329
ONT,2015,6,1692,19005
ONT,2015,7,1729,16995
ONT,2015,8,1727,10121
ONT,2015,9,1660,2201
ORD,2015,1,23495,326859
ORD,2015,11,25948,72821
ORD,2015,12,25501,42016
ORD,2015,2,21779,351999
ORD,2015,3,26092,179642
ORD,2015,4,25775,117788
ORD,2015,5,26862,103387
ORD,2015,6,27446,453162
ORD,2015,7,28140,211058
ORD,2015,8,27989,136677
ORD,2015,9,26110,2068
ORF,2015,1,854,5780
ORF,2015,11,818,2342
ORF,2015,12,860,7495
ORF,2015,2,767,7566
ORF,2015,3,886,4834
ORF,2015,4,874,1118
ORF,2015,5,820,3480
ORF,2015,6,873,8980
ORF,2015,7,844,7960
ORF,2015,8,883,4502
ORF,2015,9,869,1576
ORH,2015,1,58,274
ORH,2015,11,60,45
ORH,2015,12,60,584
ORH,2015,2,54,402
ORH,2015,3,61,-6
ORH,2015,4,60,-52
ORH,2015,5,62,-420
ORH,2015,6,60,-412
ORH,2015,7,62,-98
ORH,2015,8,62,278
ORH,2015,9,59,-284
OTH,2015,1,17,475
OTH,2015,11,18,408
OTH,2015,12,18,739
OTH,2015,2,16,439
OTH,2015,3,17,176
OTH,2015,4,17,295
OTH,2015,5,18,273
OTH,2015,6,32,-109
OTH,2015,7,40,555
OTH,2015,8,40,959
OTH,2015,9,40,243
OTZ,2015,1,61,213
OTZ,2015,11,55,168
OTZ,2015,12,60,-242
OTZ,2015,2,53,185
OTZ,2015,3,61,252
OTZ,2015,4,60,404
OTZ,2015,5,62,-229
OTZ,2015,6,60,195
OTZ,2015,7,57,400
OTZ,2015,8,62,341
OTZ,2015,9,59,104
PAH,2015,1,61,432
PAH,2015,11,60,59
PAH,2015,12,61,493
PAH,2015,2,56,775
PAH,2015,3,61,-309
PAH,2015,4,60,58
LWS,2015,2,48,-491
LWS,2015,3,49,-254
LWS,2015,4,47,-541
LWS,2015,5,48,-205
LWS,2015,6,56,-96
LWS,2015,7,62,-397
LWS,2015,8,60,-371
LWS,2015,9,51,-599
MAF,2015,1,818,7845
MAF,2015,11,512,3492
MAF,2015,12,541,2707
MAF,2015,2,747,5562
MAF,2015,3,886,6028
MAF,2015,4,743,4103
MAF,2015,5,701,11118
MAF,2015,6,642,8193
MAF,2015,7,657,5420
MAF,2015,8,646,3705
MAF,2015,9,614,-1824
MBS,2015,1,164,1991
MBS,2015,11,144,455
MBS,2015,12,150,1709
MBS,2015,2,151,1974
MBS,2015,3,168,25
MBS,2015,4,201,1346
MBS,2015,5,183,-209
MBS,2015,6,158,475
MBS,2015,7,147,1132
MBS,2015,8,139,618
MBS,2015,9,113,497
MCI,2015,1,3236,18854
MCI,2015,11,3516,1193
MCI,2015,12,3398,15839
MCI,2015,2,2853,16329
MCI,2015,3,3536,10288
MCI,2015,4,3618,13142
MCI,2015,5,3779,24903
MCI,2015,6,3829,47187
MCI,2015,7,3797,34078
MCI,2015,8,3650,21005
MCI,2015,9,3372,-5918
MCO,2015,1,10065,47871
MCO,2015,11,9875,-17367
MCO,2015,12,10792,66177
MCO,2015,2,9226,76626
MCO,2015,3,11282,71037
MCO,2015,4,10456,28108
MCO,2015,5,10380,22173
MCO,2015,6,10154,98070
MCO,2015,7,10437,81258
MCO,2015,8,9597,93185
MCO,2015,9,8366,24875
MDT,2015,1,294,1736
MDT,2015,11,326,1
MDT,2015,12,265,755
MDT,2015,2,288,5057
MDT,2015,3,383,891
MDT,2015,4,300,-170
MDT,2015,5,320,849
MDT,2015,6,289,3815
MDT,2015,7,280,1553
MDT,2015,8,294,775
MDT,2015,9,240,47
MDW,2015,1,6683,22415
MDW,2015,11,6862,-16185
MDW,2015,12,7021,20945
MDW,2015,2,6021,20660
MDW,2015,3,7381,26758
MDW,2015,4,7401,11069
MDW,2015,5,7559,27052
MDW,2015,6,7906,73407
MDW,2015,7,8308,58599
MDW,2015,8,7885,16852
MDW,2015,9,7304,-26697
MEI,2015,1,84,914
MEI,2015,11,80,440
MEI,2015,12,84,739
MEI,2015,2,76,954
MEI,2015,3,84,1125
MEI,2015,4,82,676
MEI,2015,5,82,2292
MEI,2015,6,82,1651
MEI,2015,7,85,12
MEI,2015,8,83,100
MEI,2015,9,82,-331
MEM,2015,1,1238,8055
MEM,2015,11,1447,1313
MEM,2015,12,1223,4251
MEM,2015,2,1121,8463
MEM,2015,3,1345,9484
MEM,2015,4,1549,8721
MEM,2015,5,1493,6741
MEM,2015,6,1316,14503
MEM,2015,7,1352,11906
MEM,2015,8,1323,5370
MEM,2015,9,1332,-2758
MFE,2015,1,372,2272
MFE,2015,11,198,1672
MFE,2015,12,195,233
MFE,2015,2,341,1083
MFE,2015,3,373,3652
MFE,2015,4,411,2978
MFE,2015,5,408,6314
MFE,2015,6,339,3538
MFE,2015,7,259,2208
MFE,2015,8,256,-94
MFE,2015,9,241,-1206
MFR,2015,1,220,1953
MFR,2015,11,229,261
MFR,2015,12,244,3672
MFR,2015,2,188,1591
MFR,2015,3,213,-337
MFR,2015,4,204,719
MFR,2015,5,229,1535
MFR,2015,6,209,949
MFR,2015,7,244,139
MFR,2015,8,247,1005
MFR,2015,9,237,16
MGM,2015,1,283,2544
MGM,2015,11,292,990
MGM,2015,12,289,3049
MGM,2015,2,256,2643
MGM,2015,3,301,3442
MGM,2015,4,288,1835
MGM,2015,5,290,2587
MGM,2015,6,286,3711
MGM,2015,7,291,2820
MGM,2015,8,290,2065
MGM,2015,9,301,298
MHK,2015,1,151,2745
MHK,2015,11,144,200
MHK,2015,12,153,-279
MHK,2015,2,132,3390
MHK,2015,3,153,1638
MHK,2015,4,145,-400
MHK,2015,5,148,421
MHK,2015,6,150,727
MHK,2015,7,152,110
MHK,2015,8,155,-602
MHK,2015,9,148,-455
MHT,2015,1,470,3944
MHT,2015,11,560,899
MHT,2015,12,545,1847
MHT,2015,2,410,3382
MHT,2015,3,625,5769
MHT,2015,4,642,1438
MHT,2015,5,615,1382
MHT,2015,6,604,6563
MHT,2015,7,594,8902
MHT,2015,8,617,7129
MHT,2015,9,606,2733
MIA,2015,1,6671,41657
MIA,2015,11,5889,-7908
MIA,2015,12,6611,54795
MIA,2015,2,5977,48024
MIA,2015,3,6763,41617
MIA,2015,4,6456,16989
MIA,2015,5,6334,35202
MIA,2015,6,6143,55941
MIA,2015,7,6339,48335
MIA,2015,8,6299,43155
MIA,2015,9,5605,25561
MKE,2015,1,2567,16715
MKE,2015,11,2702,491
MKE,2015,12,2598,11244
MKE,2015,2,2334,21080
MKE,2015,3,2965,8504
MKE,2015,4,2817,4387
MKE,2015,5,2793,2927
MKE,2015,6,2799,25868
MKE,2015,7,2894,14385
MKE,2015,8,2749,11068
MKE,2015,9,2547,-7956
MKG,2015,1,62,672
MKG,2015,11,60,521
MKG,2015,12,60,597
MKG,2015,2,56,1072
MKG,2015,3,62,39
MKG,2015,4,59,-93
MKG,2015,5,62,-262
MKG,2015,6,60,836
MKG,2015,7,62,416
MKG,2015,8,62,324
MKG,2015,9,60,-40
MLB,2015,1,118,-306
MLB,2015,11,111,-501
MLB,2015,12,130,1490
MLB,2015,2,106,217
MLB,2015,3,124,95
MLB,2015,4,120,212
MLB,2015,5,114,49
MLB,2015,6,136,975
MLB,2015,7,132,431
MLB,2015,8,132,657
MLB,2015,9,108,343
MLI,2015,1,427,5505
MLI,2015,11,298,913
MLI,2015,12,269,729
MLI,2015,2,393,5396
MLI,2015,3,350,3182
MLI,2015,4,410,669
MLI,2015,5,310,430
MLI,2015,6,336,4687
MLI,2015,7,316,2054
MLI,2015,8,318,1744
MLI,2015,9,346,-593
MLU,2015,1,251,1588
MLU,2015,11,271,806
MLU,2015,12,256,953
MLU,2015,2,229,1733
MLU,2015,3,269,2856
MLU,2015,4,279,2278
MLU,2015,5,276,2889
MLU,2015,6,282,4814
MLU,2015,7,289,861
MLU,2015,8,286,1029
MLU,2015,9,269,-407
MMH,2015,1,36,220
MMH,2015,12,17,587
MMH,2015,2,41,156
MMH,2015,3,53,153
MMH,2015,4,9,127
MOB,2015,1,440,3503
MOB,2015,11,458,2630
MOB,2015,12,461,2426
MOB,2015,2,409,2552
MOB,2015,3,468,4577
MOB,2015,4,449,2413
MOB,2015,5,464,5372
MOB,2015,6,467,4680
MOB,2015,7,474,3219
MOB,2015,8,465,2315
MOB,2015,9,446,1930
MOT,2015,1,167,2299
MOT,2015,11,190,415
MOT,2015,12,156,-487
MOT,2015,2,130,1832
JLN,2015,7,62,834
JLN,2015,8,62,189
JLN,2015,9,59,64
JMS,2015,1,66,1937
JMS,2015,11,73,236
JMS,2015,12,73,-292
JMS,2015,2,66,858
JMS,2015,3,74,450
JMS,2015,4,73,138
JMS,2015,5,71,-393
JMS,2015,6,73,307
JMS,2015,7,76,-253
JMS,2015,8,74,202
JMS,2015,9,71,-471
JNU,2015,1,299,-790
JNU,2015,11,316,1696
JNU,2015,12,317,-796
JNU,2015,2,271,156
JNU,2015,3,305,1356
JNU,2015,4,300,978
JNU,2015,5,374,-594
JNU,2015,6,479,2026
JNU,2015,7,521,3184
JNU,2015,8,512,2075
JNU,2015,9,371,591
KOA,2015,1,990,2760
KOA,2015,11,918,-5744
KOA,2015,12,987,-3811
KOA,2015,2,899,3300
KOA,2015,3,1039,3038
KOA,2015,4,946,-2523
KOA,2015,5,977,1013
KOA,2015,6,1123,-251
KOA,2015,7,1173,-971
KOA,2015,8,1135,5977
KOA,2015,9,905,-23
KTN,2015,1,180,633
KTN,2015,11,177,263
KTN,2015,12,184,-219
KTN,2015,2,166,355
KTN,2015,3,186,1765
KTN,2015,4,176,946
KTN,2015,5,217,263
KTN,2015,6,264,1472
KTN,2015,7,280,2213
KTN,2015,8,267,1563
KTN,2015,9,207,755
LAN,2015,1,191,2206
LAN,2015,11,207,1154
LAN,2015,12,211,184
LAN,2015,2,178,3471
LAN,2015,3,133,-189
LAN,2015,4,191,-340
LAN,2015,5,105,-136
LAN,2015,6,160,1196
LAN,2015,7,170,1008
LAN,2015,8,146,263
LAN,2015,9,153,-96
LAR,2015,1,61,475
LAR,2015,11,50,130
LAR,2015,12,53,238
LAR,2015,2,48,403
LAR,2015,3,53,-337
LAR,2015,4,52,-37
LAR,2015,5,52,-367
LAR,2015,6,52,-299
LAR,2015,7,53,-221
LAR,2015,8,52,-468
LAR,2015,9,52,-601
LAS,2015,1,11603,13841
LAS,2015,11,11901,20612
LAS,2015,12,12080,65337
LAS,2015,2,10559,51856
LAS,2015,3,12377,24575
LAS,2015,4,12100,38804
LAS,2015,5,12735,52234
LAS,2015,6,12333,96602
LAS,2015,7,12654,95177
LAS,2015,8,12628,53288
LAS,2015,9,12014,-35286
LAW,2015,1,129,1411
LAW,2015,11,114,-252
LAW,2015,12,122,-585
LAW,2015,2,112,1373
LAW,2015,3,123,1691
LAW,2015,4,119,1450
LAW,2015,5,123,1122
LAW,2015,6,120,1461
LAW,2015,7,123,551
LAW,2015,8,122,386
LAW,2015,9,120,-229
LAX,2015,1,17311,29662
LAX,2015,11,16440,42380
LAX,2015,12,16999,151687
LAX,2015,2,15729,94306
LAX,2015,3,17969,102252
LAX,2015,4,17395,63544
LAX,2015,5,17965,84873
LAX,2015,6,18526,177632
LAX,2015,7,19319,258724
LAX,2015,8,19256,144922
LAX,2015,9,17486,23886
LBB,2015,1,468,4425
LBB,2015,11,422,3324
LBB,2015,12,429,2335
LBB,2015,2,428,3303
LBB,2015,3,410,2788
LBB,2015,4,432,2773
LBB,2015,5,406,7328
LBB,2015,6,394,4679
LBB,2015,7,421,3272
LBB,2015,8,413,2187
LBB,2015,9,389,-708
LBE,2015,1,93,1211
LBE,2015,11,95,-29
LBE,2015,12,87,657
LBE,2015,2,91,1904
LBE,2015,3,109,662
LBE,2015,4,109,569
LBE,2015,5,140,1171
LBE,2015,6,141,3442
LBE,2015,7,145,1479
LBE,2015,8,147,2988
LBE,2015,9,121,-210
LCH,2015,1,148,898
LCH,2015,11,181,-934
LCH,2015,12,173,-184
LCH,2015,2,169,686
LCH,2015,3,182,1169
LCH,2015,4,164,755
LCH,2015,5,169,1213
LCH,2015,6,176,1354
LCH,2015,7,156,226
LCH,2015,8,174,56
LCH,2015,9,163,-570
LEX,2015,1,505,6136
LEX,2015,11,490,1011
LEX,2015,12,456,1048
LEX,2015,2,438,4410
LEX,2015,3,529,1208
LEX,2015,4,602,-371
LEX,2015,5,567,-668
LEX,2015,6,616,4736
LEX,2015,7,607,3411
LEX,2015,8,594,2241
LEX,2015,9,553,482
LFT,2015,1,491,4061
LFT,2015,11,389,318
LFT,2015,12,401,927
LFT,2015,2,451,2247
LFT,2015,3,514,4284
LFT,2015,4,505,3318
LFT,2015,5,522,4389
LFT,2015,6,503,5244
LFT,2015,7,473,1279
LFT,2015,8,459,2130
LFT,2015,9,426,10
LGA,2015,1,9462,112070
LGA,2015,11,7898,26637
LGA,2015,12,7776,58255
LGA,2015,2,8881,162681
LGA,2015,3,10052,150675
LGA,2015,4,9453,44701
LGA,2015,5,9328,81516
LGA,2015,6,9084,143377
LGA,2015,7,9404,126528
LGA,2015,8,9211,57988
LGA,2015,9,8396,18316
LGB,2015,1,768,-797
LGB,2015,11,730,3960
LGB,2015,12,754,9204
LGB,2015,2,675,3658
LGB,2015,3,753,-411
LGB,2015,4,752,-1037
LGB,2015,5,835,1372
LGB,2015,6,863,2004
LGB,2015,7,920,4052
LGB,2015,8,918,6436
LGB,2015,9,784,1579
LIH,2015,1,955,1503
LIH,2015,11,912,-4153
LIH,2015,12,997,-2488
LIH,2015,2,838,2024
LIH,2015,3,943,3753
LIH,2015,4,903,-1538
LIH,2015,5,944,491
LIH,2015,6,1039,154
LIH,2015,7,1083,-909
LIH,2015,8,1062,4464
LIH,2015,9,848,604
LIT,2015,1,911,11367
LIT,2015,11,882,3452
LIT,2015,12,890,5302
LIT,2015,2,819,7910
LIT,2015,3,978,8354
LIT,2015,4,887,2508
LIT,2015,5,932,6417
LIT,2015,6,1065,15117
LIT,2015,7,1052,5513
LIT,2015,8,1030,4212
LIT,2015,9,957,-99
LNK,2015,1,201,2136
LNK,2015,11,249,2858
LNK,2015,12,217,2416
LNK,2015,2,189,2415
LNK,2015,3,234,1142
LNK,2015,4,289,585
LNK,2015,5,266,1105
LNK,2015,6,207,1534
LNK,2015,7,237,2542
LNK,2015,8,237,1945
LNK,2015,9,303,1469
LRD,2015,1,209,1236
LRD,2015,11,195,55
LRD,2015,12,188,516
LRD,2015,2,183,721
LRD,2015,3,208,2590
LRD,2015,4,202,951
LRD,2015,5,202,1118
LRD,2015,6,202,1214
LRD,2015,7,207,-334
LRD,2015,8,205,-447
LRD,2015,9,197,-960
LSE,2015,1,115,2612
LSE,2015,11,164,-57
LSE,2015,12,184,-461
LSE,2015,2,110,2856
LSE,2015,3,188,112
LSE,2015,4,130,-762
LSE,2015,5,113,-528
LSE,2015,6,161,719
LSE,2015,7,162,-581
LSE,2015,8,168,-384
LSE,2015,9,147,-616
LWS,2015,1,53,-517
LWS,2015,11,55,-645
LWS,2015,12,57,281
HPN,2015,11,658,4296
HPN,2015,12,591,7574
HPN,2015,2,678,13445
HPN,2015,3,674,5937
HPN,2015,4,667,851
HPN,2015,5,684,2319
HPN,2015,6,672,5993
HPN,2015,7,694,5510
HPN,2015,8,697,5349
HPN,2015,9,646,5871
HRL,2015,1,283,511
HRL,2015,11,277,1175
HRL,2015,12,270,903
HRL,2015,2,258,-95
HRL,2015,3,291,1137
HRL,2015,4,283,2019
HRL,2015,5,288,4159
HRL,2015,6,278,2149
HRL,2015,7,289,1121
HRL,2015,8,282,1304
HRL,2015,9,267,-930
HSV,2015,1,418,3119
HSV,2015,11,356,1377
HSV,2015,12,383,1428
HSV,2015,2,369,2008
HSV,2015,3,433,1847
HSV,2015,4,430,495
HSV,2015,5,435,3461
HSV,2015,6,445,5421
HSV,2015,7,423,1224
HSV,2015,8,441,1282
HSV,2015,9,380,-1204
HYA,2015,6,13,-68
HYA,2015,7,30,146
HYA,2015,8,31,244
HYA,2015,9,8,-34
HYS,2015,1,53,244
HYS,2015,11,51,288
HYS,2015,12,52,97
HYS,2015,2,48,351
HYS,2015,3,53,-372
HYS,2015,4,52,-750
HYS,2015,5,52,-529
HYS,2015,6,52,-385
HYS,2015,7,54,-160
HYS,2015,8,52,-310
HYS,2015,9,52,-320
IAD,2015,1,3693,34685
IAD,2015,11,2683,-9272
IAD,2015,12,2796,6028
IAD,2015,2,2991,22220
IAD,2015,3,3031,11783
IAD,2015,4,2955,-2706
IAD,2015,5,3241,9832
IAD,2015,6,3362,38830
IAD,2015,7,3329,14457
IAD,2015,8,3227,10238
IAD,2015,9,2921,-3824
IAG,2015,1,31,385
IAG,2015,11,28,-31
IAG,2015,12,31,148
IAG,2015,2,33,282
IAG,2015,3,40,558
IAG,2015,4,31,248
IAG,2015,5,27,-86
IAG,2015,6,25,736
IAG,2015,7,27,244
IAG,2015,8,27,538
IAG,2015,9,22,53
IAH,2015,1,13328,70873
IAH,2015,11,12664,28871
IAH,2015,12,12480,68791
IAH,2015,2,12212,48589
IAH,2015,3,14014,69359
IAH,2015,4,13420,99933
IAH,2015,5,14256,191108
IAH,2015,6,14131,179642
IAH,2015,7,14012,53097
IAH,2015,8,13351,43791
IAH,2015,9,12151,-42609
ICT,2015,1,665,7458
ICT,2015,11,710,2771
ICT,2015,12,733,2376
ICT,2015,2,634,7875
ICT,2015,3,752,2584
ICT,2015,4,745,3293
ICT,2015,5,762,5243
ICT,2015,6,830,9741
ICT,2015,7,776,5084
ICT,2015,8,776,5560
ICT,2015,9,688,310
IDA,2015,1,189,2812
IDA,2015,11,191,-427
IDA,2015,12,206,688
IDA,2015,2,162,799
IDA,2015,3,172,-612
IDA,2015,4,183,660
IDA,2015,5,193,-153
IDA,2015,6,229,312
IDA,2015,7,264,-285
IDA,2015,8,253,188
IDA,2015,9,202,-1027
ILG,2015,1,26,327
ILG,2015,2,20,474
ILG,2015,3,27,708
ILG,2015,4,25,580
ILM,2015,1,149,295
ILM,2015,11,207,733
ILM,2015,12,184,1367
ILM,2015,2,130,-183
ILM,2015,3,149,1266
ILM,2015,4,136,234
ILM,2015,5,132,503
ILM,2015,6,193,1639
ILM,2015,7,198,1124
ILM,2015,8,188,799
ILM,2015,9,193,664
IMT,2015,1,55,275
IMT,2015,11,55,-305
IMT,2015,12,59,-553
IMT,2015,2,52,-385
IMT,2015,3,58,-621
IMT,2015,4,56,-679
IMT,2015,5,57,-755
IMT,2015,6,56,-63
IMT,2015,7,57,-341
IMT,2015,8,57,-442
IMT,2015,9,56,-768
IND,2015,1,2099,14891
IND,2015,11,2458,889
IND,2015,12,2497,10275
IND,2015,2,1875,16368
IND,2015,3,2403,13618
IND,2015,4,2355,7403
IND,2015,5,2352,11175
IND,2015,6,2413,23256
IND,2015,7,2524,19990
IND,2015,8,2365,11322
IND,2015,9,2166,-5656
INL,2015,1,52,-350
INL,2015,11,50,-376
INL,2015,12,54,-207
INL,2015,2,48,-66
INL,2015,3,53,-381
INL,2015,4,52,-585
INL,2015,5,52,-237
INL,2015,6,53,-270
INL,2015,7,53,3
INL,2015,8,54,-221
INL,2015,9,52,-377
ISN,2015,1,257,2466
ISN,2015,11,215,-205
ISN,2015,12,184,-664
ISN,2015,2,225,1865
ISN,2015,3,272,-880
ISN,2015,4,233,-215
ISN,2015,5,244,-1693
ISN,2015,6,239,1030
ISN,2015,7,247,674
ISN,2015,8,230,-51
ISN,2015,9,177,-270
ISP,2015,1,377,2531
ISP,2015,11,390,1929
ISP,2015,12,397,3441
ISP,2015,2,349,3208
ISP,2015,3,436,3876
ISP,2015,4,435,1825
ISP,2015,5,453,2034
ISP,2015,6,402,4528
ISP,2015,7,406,7116
ISP,2015,8,378,5644
ISP,2015,9,349,2896
ITH,2015,12,23,117
ITH,2015,2,6,41
ITH,2015,4,6,-27
ITO,2015,1,505,2103
ITO,2015,11,480,-430
ITO,2015,12,505,-590
ITO,2015,2,460,1525
ITO,2015,3,537,318
ITO,2015,4,532,-470
ITO,2015,5,545,-119
ITO,2015,6,543,-10
ITO,2015,7,564,692
ITO,2015,8,557,3576
ITO,2015,9,495,1490
JAC,2015,1,348,5755
JAC,2015,11,127,290
JAC,2015,12,359,6390
JAC,2015,2,320,3277
JAC,2015,3,367,-433
JAC,2015,4,157,-49
JAC,2015,5,177,321
JAC,2015,6,340,4383
JAC,2015,7,477,3789
JAC,2015,8,482,1856
JAC,2015,9,330,-694
JAN,2015,1,631,4781
JAN,2015,11,631,2298
JAN,2015,12,610,3372
JAN,2015,2,564,5498
JAN,2015,3,647,4331
JAN,2015,4,626,4470
JAN,2015,5,663,6629
JAN,2015,6,693,5716
JAN,2015,7,697,1519
JAN,2015,8,690,1636
JAN,2015,9,624,-629
JAX,2015,1,1496,7576
JAX,2015,11,1651,2842
JAX,2015,12,1733,13522
JAX,2015,2,1329,11477
JAX,2015,3,1709,8530
JAX,2015,4,1720,6991
JAX,2015,5,1732,3564
JAX,2015,6,1681,16357
JAX,2015,7,1742,13748
JAX,2015,8,1659,14098
JAX,2015,9,1548,5106
JFK,2015,1,8451,77629
JFK,2015,11,7739,2566
JFK,2015,12,8211,84797
JFK,2015,2,7689,113618
JFK,2015,3,8784,131095
JFK,2015,4,8577,78298
JFK,2015,5,8857,19006
JFK,2015,6,8827,52082
JFK,2015,7,9217,26814
JFK,2015,8,9176,13002
JFK,2015,9,8035,14676
JLN,2015,1,62,534
JLN,2015,11,59,481
JLN,2015,12,62,507
JLN,2015,2,56,717
JLN,2015,3,62,1026
JLN,2015,4,60,620
JLN,2015,5,62,658
JLN,2015,6,60,566
GEG,2015,12,872,6911
GEG,2015,2,765,2189
GEG,2015,3,907,648
GEG,2015,4,842,1651
GEG,2015,5,848,-269
GEG,2015,6,901,6330
GEG,2015,7,929,6893
GEG,2015,8,941,4241
GEG,2015,9,828,-1728
GFK,2015,1,50,939
GFK,2015,11,116,722
GFK,2015,12,111,-117
GFK,2015,2,48,248
GFK,2015,3,3,-7
GFK,2015,4,56,-65
GFK,2015,5,51,-23
GFK,2015,6,82,170
GFK,2015,7,33,-139
GFK,2015,8,76,-182
GFK,2015,9,90,163
GGG,2015,1,54,420
GGG,2015,11,56,-208
GGG,2015,12,60,382
GGG,2015,2,53,231
GGG,2015,3,62,876
GGG,2015,4,59,261
GGG,2015,5,62,383
GGG,2015,6,60,394
GGG,2015,7,61,-157
GGG,2015,8,59,102
GGG,2015,9,55,-197
GJT,2015,1,278,1900
GJT,2015,11,264,-1049
GJT,2015,12,294,979
GJT,2015,2,228,1601
GJT,2015,3,292,156
GJT,2015,4,276,1192
GJT,2015,5,311,1852
GJT,2015,6,344,1361
GJT,2015,7,287,-310
GJT,2015,8,295,227
GJT,2015,9,299,-1108
GNV,2015,1,224,856
GNV,2015,11,222,189
GNV,2015,12,250,1171
GNV,2015,2,211,1553
GNV,2015,3,270,2827
GNV,2015,4,257,1975
GNV,2015,5,255,1423
GNV,2015,6,242,3596
GNV,2015,7,243,2848
GNV,2015,8,253,4076
GNV,2015,9,248,1309
GPT,2015,1,337,1971
GPT,2015,11,276,204
GPT,2015,12,261,615
GPT,2015,2,314,1993
GPT,2015,3,380,1635
GPT,2015,4,363,754
GPT,2015,5,358,2375
GPT,2015,6,348,4070
GPT,2015,7,332,1289
GPT,2015,8,326,1833
GPT,2015,9,299,318
GRB,2015,1,367,4404
GRB,2015,11,444,566
GRB,2015,12,363,1073
GRB,2015,2,371,6738
GRB,2015,3,534,1932
GRB,2015,4,435,-290
GRB,2015,5,334,-592
GRB,2015,6,502,3291
GRB,2015,7,545,1377
GRB,2015,8,520,1280
GRB,2015,9,463,312
GRI,2015,1,61,382
GRI,2015,11,55,13
GRI,2015,12,60,-655
GRI,2015,2,56,1094
GRI,2015,3,61,247
GRI,2015,4,56,448
GRI,2015,5,57,-76
GRI,2015,6,56,11
GRI,2015,7,58,-108
GRI,2015,8,57,-257
GRI,2015,9,55,-421
GRK,2015,1,382,4024
GRK,2015,11,332,417
GRK,2015,12,332,773
GRK,2015,2,371,4059
GRK,2015,3,398,3742
GRK,2015,4,372,1245
GRK,2015,5,366,3510
GRK,2015,6,378,3111
GRK,2015,7,377,1526
GRK,2015,8,371,1160
GRK,2015,9,343,-1488
GRR,2015,1,1048,11693
GRR,2015,11,898,1268
GRR,2015,12,846,3665
GRR,2015,2,913,12232
GRR,2015,3,1073,8020
GRR,2015,4,1037,3253
GRR,2015,5,1096,4170
GRR,2015,6,976,8068
GRR,2015,7,978,4392
GRR,2015,8,1009,4789
GRR,2015,9,953,1212
GSO,2015,1,679,5646
GSO,2015,11,513,698
GSO,2015,12,456,3633
GSO,2015,2,640,8904
GSO,2015,3,741,6592
GSO,2015,4,689,3415
GSO,2015,5,681,3161
GSO,2015,6,576,4621
GSO,2015,7,546,4652
GSO,2015,8,563,4038
GSO,2015,9,646,275
GSP,2015,1,550,5253
GSP,2015,11,617,925
GSP,2015,12,620,2235
GSP,2015,2,490,3189
GSP,2015,3,622,2914
GSP,2015,4,629,2138
GSP,2015,5,660,3103
GSP,2015,6,606,7610
GSP,2015,7,590,2807
GSP,2015,8,578,3429
GSP,2015,9,565,616
GST,2015,6,24,241
GST,2015,7,30,401
GST,2015,8,21,160
GTF,2015,1,146,1261
GTF,2015,11,162,65
GTF,2015,12,163,305
GTF,2015,2,130,346
GTF,2015,3,146,-16
GTF,2015,4,162,-107
GTF,2015,5,197,-1067
GTF,2015,6,207,782
GTF,2015,7,233,-464
GTF,2015,8,229,211
GTF,2015,9,190,-955
GTR,2015,1,83,260
GTR,2015,11,83,188
GTR,2015,12,76,184
GTR,2015,2,77,494
GTR,2015,3,89,214
GTR,2015,4,84,284
GTR,2015,5,87,-94
GTR,2015,6,86,668
GTR,2015,7,87,924
GTR,2015,8,88,1011
GTR,2015,9,85,-20
GUC,2015,1,75,945
GUC,2015,11,2,167
GUC,2015,12,51,670
GUC,2015,2,86,628
GUC,2015,3,110,-178
GUC,2015,4,25,-63
GUC,2015,5,6,-20
GUC,2015,6,19,706
GUC,2015,7,50,1446
GUC,2015,8,44,503
GUC,2015,9,23,175
GUM,2015,1,31,516
GUM,2015,11,30,1981
GUM,2015,12,31,476
GUM,2015,2,28,370
GUM,2015,3,31,771
GUM,2015,4,30,392
GUM,2015,5,31,145
GUM,2015,6,30,242
GUM,2015,7,31,674
GUM,2015,8,30,428
GUM,2015,9,30,-262
HDN,2015,1,151,949
HDN,2015,12,126,2258
HDN,2015,2,151,618
HDN,2015,3,172,27
HDN,2015,4,21,-114
HDN,2015,6,6,245
HDN,2015,7,31,-106
HDN,2015,8,31,63
HDN,2015,9,8,-28
HIB,2015,1,75,151
HIB,2015,11,78,265
HIB,2015,12,85,-434
HIB,2015,2,76,869
HIB,2015,3,84,-200
HIB,2015,4,82,-186
HIB,2015,5,82,-331
HIB,2015,6,78,468
HIB,2015,7,82,-367
HIB,2015,8,81,-163
HIB,2015,9,82,-88
HLN,2015,1,109,-209
HLN,2015,11,140,188
HLN,2015,12,114,-20
HLN,2015,2,105,100
HLN,2015,3,115,-629
HLN,2015,4,135,-488
HLN,2015,5,143,-463
HLN,2015,6,139,715
HLN,2015,7,146,263
HLN,2015,8,145,-652
HLN,2015,9,136,-443
HNL,2015,1,3889,25373
HNL,2015,11,3726,-8357
HNL,2015,12,3985,-6231
HNL,2015,2,3463,37564
HNL,2015,3,3944,30858
HNL,2015,4,3810,8281
HNL,2015,5,3999,18133
HNL,2015,6,4132,28382
HNL,2015,7,4298,16687
HNL,2015,8,4195,42684
HNL,2015,9,3648,13131
HOB,2015,1,49,150
HOB,2015,11,51,-64
HOB,2015,12,52,-223
HOB,2015,2,46,301
HOB,2015,3,53,133
HOB,2015,4,52,213
HOB,2015,5,55,399
HOB,2015,6,56,831
HOB,2015,7,57,-244
HOB,2015,8,51,529
HOB,2015,9,46,-381
HOU,2015,1,4647,8852
HOU,2015,11,4692,-6332
HOU,2015,12,4781,25816
HOU,2015,2,4180,6800
HOU,2015,3,4786,17745
HOU,2015,4,4646,28390
HOU,2015,5,4680,46745
HOU,2015,6,4893,41674
HOU,2015,7,5073,34120
HOU,2015,8,4833,22356
HOU,2015,9,4579,-18192
HPN,2015,1,727,6966
ELM,2015,4,193,1766
ELM,2015,5,196,914
ELM,2015,6,186,1352
ELM,2015,7,201,1950
ELM,2015,8,199,171
ELM,2015,9,183,1296
ELP,2015,1,1080,8689
ELP,2015,11,1070,6144
ELP,2015,12,1026,9008
ELP,2015,2,934,5274
ELP,2015,3,1132,5163
ELP,2015,4,1164,9267
ELP,2015,5,1148,15825
ELP,2015,6,1133,12271
ELP,2015,7,1139,10844
ELP,2015,8,1100,5771
ELP,2015,9,1024,-2650
ERI,2015,1,126,1148
ERI,2015,11,55,337
ERI,2015,12,56,159
ERI,2015,2,77,643
ERI,2015,3,68,-254
ERI,2015,4,57,-513
ERI,2015,5,59,-367
ERI,2015,6,60,690
ERI,2015,7,61,769
ERI,2015,8,62,1043
ERI,2015,9,58,400
ESC,2015,1,51,730
ESC,2015,11,51,-255
ESC,2015,12,53,-185
ESC,2015,2,48,311
ESC,2015,3,53,610
ESC,2015,4,52,-83
ESC,2015,5,52,-207
ESC,2015,6,51,37
ESC,2015,7,53,-323
ESC,2015,8,52,146
ESC,2015,9,51,-143
EUG,2015,1,329,3373
EUG,2015,11,288,212
EUG,2015,12,304,5154
EUG,2015,2,287,1784
EUG,2015,3,326,178
EUG,2015,4,335,1684
EUG,2015,5,352,1105
EUG,2015,6,346,1429
EUG,2015,7,364,1100
EUG,2015,8,364,488
EUG,2015,9,325,-102
EVV,2015,1,309,4411
EVV,2015,11,380,-600
EVV,2015,12,346,-150
EVV,2015,2,288,3843
EVV,2015,3,331,1537
EVV,2015,4,300,-181
EVV,2015,5,306,459
EVV,2015,6,394,3136
EVV,2015,7,397,687
EVV,2015,8,394,-1073
EVV,2015,9,379,-1707
EWN,2015,1,57,184
EWN,2015,11,53,300
EWN,2015,12,56,378
EWN,2015,2,51,315
EWN,2015,3,48,167
EWN,2015,4,45,279
EWN,2015,5,48,461
EWN,2015,6,47,519
EWN,2015,7,57,714
EWN,2015,8,56,782
EWN,2015,9,52,568
EWR,2015,1,8695,61743
EWR,2015,11,9267,50614
EWR,2015,12,9678,103418
EWR,2015,2,8069,58930
EWR,2015,3,9537,71846
EWR,2015,4,9347,7270
EWR,2015,5,9219,26326
EWR,2015,6,9558,155077
EWR,2015,7,9877,127041
EWR,2015,8,9631,66388
EWR,2015,9,8695,4571
EYW,2015,1,244,363
EYW,2015,11,168,937
EYW,2015,12,208,2400
EYW,2015,2,208,792
EYW,2015,3,220,16
EYW,2015,4,201,422
EYW,2015,5,139,12
EYW,2015,6,147,3437
EYW,2015,7,157,1263
EYW,2015,8,172,947
EYW,2015,9,104,238
FAI,2015,1,155,-565
FAI,2015,11,168,-203
FAI,2015,12,169,-1008
FAI,2015,2,138,-512
FAI,2015,3,172,938
FAI,2015,4,172,-515
FAI,2015,5,211,-85
FAI,2015,6,263,2533
FAI,2015,7,279,2313
FAI,2015,8,264,2122
FAI,2015,9,187,-490
FAR,2015,1,480,7115
FAR,2015,11,498,3624
FAR,2015,12,536,589
FAR,2015,2,415,6411
FAR,2015,3,512,2421
FAR,2015,4,491,860
FAR,2015,5,515,565
FAR,2015,6,559,5140
FAR,2015,7,626,3382
FAR,2015,8,610,2229
FAR,2015,9,441,468
FAT,2015,1,695,7512
FAT,2015,11,579,1939
FAT,2015,12,551,5371
FAT,2015,2,611,4602
FAT,2015,3,651,4828
FAT,2015,4,644,4282
FAT,2015,5,658,2909
FAT,2015,6,628,5320
FAT,2015,7,662,6934
FAT,2015,8,685,6353
FAT,2015,9,650,2825
FAY,2015,1,156,486
FAY,2015,11,164,-10
FAY,2015,12,152,1564
FAY,2015,2,149,1172
FAY,2015,3,142,705
FAY,2015,4,126,1207
FAY,2015,5,165,729
FAY,2015,6,145,702
FAY,2015,7,149,861
FAY,2015,8,150,1285
FAY,2015,9,133,39
FCA,2015,1,128,623
FCA,2015,11,138,-548
FCA,2015,12,146,990
FCA,2015,2,122,528
FCA,2015,3,154,-645
FCA,2015,4,122,-305
FCA,2015,5,144,-378
FCA,2015,6,201,657
FCA,2015,7,316,682
FCA,2015,8,313,1100
FCA,2015,9,230,-145
FLG,2015,1,142,1264
FLG,2015,11,151,501
FLG,2015,12,159,9
FLG,2015,2,124,729
FLG,2015,3,137,558
FLG,2015,4,122,490
FLG,2015,5,153,148
FLG,2015,6,173,1464
FLG,2015,7,180,1523
FLG,2015,8,169,1697
FLG,2015,9,145,-22
FLL,2015,1,7165,16526
FLL,2015,11,6701,-11169
FLL,2015,12,7596,77088
FLL,2015,2,6689,57611
FLL,2015,3,7779,41498
FLL,2015,4,6957,10454
FLL,2015,5,6509,16324
FLL,2015,6,6248,61894
FLL,2015,7,6433,45053
FLL,2015,8,6112,58574
FLL,2015,9,5323,30732
FNT,2015,1,388,3514
FNT,2015,11,433,-1444
FNT,2015,12,402,792
FNT,2015,2,352,4419
FNT,2015,3,448,973
FNT,2015,4,460,133
FNT,2015,5,484,1633
FNT,2015,6,454,4569
FNT,2015,7,468,2873
FNT,2015,8,464,4055
FNT,2015,9,385,-1035
FSD,2015,1,609,8749
FSD,2015,11,449,3366
FSD,2015,12,361,2038
FSD,2015,2,527,9970
FSD,2015,3,534,4175
FSD,2015,4,515,1730
FSD,2015,5,429,1702
FSD,2015,6,516,6514
FSD,2015,7,487,3112
FSD,2015,8,455,4372
FSD,2015,9,429,1120
FSM,2015,1,197,2259
FSM,2015,11,168,897
FSM,2015,12,177,2200
FSM,2015,2,185,2176
FSM,2015,3,203,1915
FSM,2015,4,174,2499
FSM,2015,5,177,2285
FSM,2015,6,173,2514
FSM,2015,7,172,2133
FSM,2015,8,170,943
FSM,2015,9,170,-126
FWA,2015,1,302,4074
FWA,2015,11,495,2192
FWA,2015,12,447,2708
FWA,2015,2,373,6831
FWA,2015,3,515,2630
FWA,2015,4,525,1050
FWA,2015,5,540,1405
FWA,2015,6,500,4236
FWA,2015,7,520,2576
FWA,2015,8,527,1655
FWA,2015,9,501,-957
GCC,2015,1,119,216
GCC,2015,11,86,-99
GCC,2015,12,89,19
GCC,2015,2,84,60
GCC,2015,3,93,-580
GCC,2015,4,86,23
GCC,2015,5,88,-329
GCC,2015,6,84,120
GCC,2015,7,88,-447
GCC,2015,8,88,-650
GCC,2015,9,86,-1013
GCK,2015,1,62,545
GCK,2015,11,58,185
GCK,2015,12,60,-333
GCK,2015,2,55,724
GCK,2015,3,62,540
GCK,2015,4,60,370
GCK,2015,5,60,1151
GCK,2015,6,60,478
GCK,2015,7,60,-68
GCK,2015,8,62,-216
GCK,2015,9,59,-286
GEG,2015,1,828,4669
GEG,2015,11,829,978
CRW,2015,9,210,1045
CSG,2015,1,80,1299
CSG,2015,11,103,923
CSG,2015,12,73,883
CSG,2015,2,91,795
CSG,2015,3,111,1044
CSG,2015,4,112,599
CSG,2015,5,109,296
CSG,2015,6,76,651
CSG,2015,7,101,810
CSG,2015,8,101,837
CSG,2015,9,106,779
CVG,2015,1,1707,15726
CVG,2015,11,1762,1064
CVG,2015,12,1645,6540
CVG,2015,2,1598,22868
CVG,2015,3,1875,10396
CVG,2015,4,1830,6025
CVG,2015,5,1945,6827
CVG,2015,6,1971,23849
CVG,2015,7,1913,19131
CVG,2015,8,1958,6366
CVG,2015,9,1789,2330
CWA,2015,1,120,3208
CWA,2015,11,162,307
CWA,2015,12,127,64
CWA,2015,2,122,3245
CWA,2015,3,143,1119
CWA,2015,4,120,22
CWA,2015,5,119,-228
CWA,2015,6,115,1683
CWA,2015,7,117,754
CWA,2015,8,131,516
CWA,2015,9,140,640
DAB,2015,1,119,-303
DAB,2015,11,115,-577
DAB,2015,12,130,1276
DAB,2015,2,127,834
DAB,2015,3,155,-213
DAB,2015,4,150,136
DAB,2015,5,152,-69
DAB,2015,6,150,1161
DAB,2015,7,149,531
DAB,2015,8,135,355
DAB,2015,9,111,-82
DAL,2015,1,5151,8805
DAL,2015,11,5716,11047
DAL,2015,12,5823,36681
DAL,2015,2,4692,10916
DAL,2015,3,5128,13922
DAL,2015,4,5123,25421
DAL,2015,5,5375,66071
DAL,2015,6,5378,46965
DAL,2015,7,5578,35394
DAL,2015,8,5801,10093
DAL,2015,9,5735,-26742
DAY,2015,1,782,8007
DAY,2015,11,721,605
DAY,2015,12,706,4565
DAY,2015,2,752,7912
DAY,2015,3,817,5077
DAY,2015,4,768,463
DAY,2015,5,812,224
DAY,2015,6,822,8888
DAY,2015,7,905,8614
DAY,2015,8,867,2435
DAY,2015,9,703,435
DBQ,2015,1,85,1780
DBQ,2015,11,82,60
DBQ,2015,12,88,-75
DBQ,2015,2,76,2360
DBQ,2015,3,84,438
DBQ,2015,4,82,-319
DBQ,2015,5,82,-672
DBQ,2015,6,86,270
DBQ,2015,7,88,-78
DBQ,2015,8,87,-504
DBQ,2015,9,84,-334
DCA,2015,1,6668,26567
DCA,2015,11,6474,1742
DCA,2015,12,6405,39138
DCA,2015,2,6213,45405
DCA,2015,3,6971,30922
DCA,2015,4,6837,-2804
DCA,2015,5,6939,22125
DCA,2015,6,6650,59871
DCA,2015,7,6855,35562
DCA,2015,8,6963,25223
DCA,2015,9,6584,6749
DEN,2015,1,17028,126303
DEN,2015,11,17099,56817
DEN,2015,12,17982,127829
DEN,2015,2,15597,130596
DEN,2015,3,18592,39638
DEN,2015,4,17398,54132
DEN,2015,5,17988,82650
DEN,2015,6,18519,218992
DEN,2015,7,18968,140609
DEN,2015,8,18790,64113
DEN,2015,9,17382,-60507
DFW,2015,1,23160,205764
DFW,2015,11,19420,29103
DFW,2015,12,20537,55797
DFW,2015,2,20814,158006
DFW,2015,3,23190,185750
DFW,2015,4,21590,220555
DFW,2015,5,21933,247505
DFW,2015,6,22439,234759
DFW,2015,7,22851,73560
DFW,2015,8,22259,66363
DFW,2015,9,20320,-117578
DHN,2015,1,116,932
DHN,2015,11,112,583
DHN,2015,12,115,1555
DHN,2015,2,106,59
DHN,2015,3,120,489
DHN,2015,4,114,902
DHN,2015,5,116,253
DHN,2015,6,115,1049
DHN,2015,7,118,644
DHN,2015,8,117,585
DHN,2015,9,109,75
DIK,2015,1,110,740
DIK,2015,11,55,-593
DIK,2015,2,95,776
DIK,2015,3,136,-831
DIK,2015,4,150,-165
DIK,2015,5,134,-388
DIK,2015,6,66,-216
DIK,2015,7,64,-584
DIK,2015,8,61,-711
DIK,2015,9,59,-629
DLG,2015,6,24,18
DLG,2015,7,31,-132
DLG,2015,8,22,-209
DLH,2015,1,150,992
DLH,2015,11,192,1423
DLH,2015,12,183,399
DLH,2015,2,136,1299
DLH,2015,3,105,55
DLH,2015,4,109,11
DLH,2015,5,127,-496
DLH,2015,6,181,16
DLH,2015,7,153,483
DLH,2015,8,163,1380
DLH,2015,9,218,1594
DRO,2015,1,187,865
DRO,2015,11,147,-713
DRO,2015,12,191,485
DRO,2015,2,159,1542
DRO,2015,3,182,303
DRO,2015,4,197,781
DRO,2015,5,201,485
DRO,2015,6,207,786
DRO,2015,7,207,-217
DRO,2015,8,197,152
DRO,2015,9,179,-1076
DSM,2015,1,842,12629
DSM,2015,11,748,2198
DSM,2015,12,787,2351
DSM,2015,2,764,12019
DSM,2015,3,813,8064
DSM,2015,4,721,792
DSM,2015,5,701,3299
DSM,2015,6,773,11748
DSM,2015,7,781,5626
DSM,2015,8,768,3609
DSM,2015,9,670,-1919
DTW,2015,1,9465,37512
DTW,2015,11,9855,-19882
DTW,2015,12,9627,20184
DTW,2015,2,8757,90938
DTW,2015,3,10273,41638
DTW,2015,4,9989,16523
DTW,2015,5,10439,31264
DTW,2015,6,9807,104231
DTW,2015,7,10484,36345
DTW,2015,8,10218,33358
DTW,2015,9,9382,5002
DVL,2015,1,47,1165
DVL,2015,11,46,279
DVL,2015,12,50,-212
DVL,2015,2,43,369
DVL,2015,3,49,118
DVL,2015,4,46,-225
DVL,2015,5,47,-553
DVL,2015,6,47,40
DVL,2015,7,50,-331
DVL,2015,8,44,-189
DVL,2015,9,47,-620
EAU,2015,1,62,1327
EAU,2015,11,60,332
EAU,2015,12,61,-129
EAU,2015,2,56,476
EAU,2015,3,62,178
EAU,2015,4,59,5
EAU,2015,5,62,-114
EAU,2015,6,60,645
EAU,2015,7,62,674
EAU,2015,8,62,1213
EAU,2015,9,60,-174
ECP,2015,1,234,1554
ECP,2015,11,344,-1433
ECP,2015,12,327,669
ECP,2015,2,211,1200
ECP,2015,3,415,788
ECP,2015,4,426,-46
ECP,2015,5,438,1714
ECP,2015,6,452,4203
ECP,2015,7,489,2792
ECP,2015,8,459,2093
ECP,2015,9,365,-876
EGE,2015,1,296,2577
EGE,2015,11,11,-92
EGE,2015,12,185,3050
EGE,2015,2,258,3207
EGE,2015,3,287,1697
EGE,2015,4,49,361
EGE,2015,6,30,686
EGE,2015,7,44,381
EGE,2015,8,39,92
EGE,2015,9,30,205
EKO,2015,1,61,-50
EKO,2015,11,49,451
EKO,2015,12,51,669
EKO,2015,2,52,-111
EKO,2015,3,58,-117
EKO,2015,4,55,239
EKO,2015,5,57,132
EKO,2015,6,56,-125
EKO,2015,7,58,-240
EKO,2015,8,29,-135
EKO,2015,9,5,-12
ELM,2015,1,164,2908
ELM,2015,11,195,-14
ELM,2015,12,170,23
ELM,2015,2,171,3548
ELM,2015,3,190,1287
CAE,2015,2,481,6756
CAE,2015,3,513,5059
CAE,2015,4,456,3278
CAE,2015,5,463,4697
CAE,2015,6,459,5836
CAE,2015,7,459,4436
CAE,2015,8,465,2333
CAE,2015,9,443,490
CAK,2015,1,559,2655
CAK,2015,11,549,252
CAK,2015,12,494,555
CAK,2015,2,512,3632
CAK,2015,3,667,5105
CAK,2015,4,577,-373
CAK,2015,5,592,3605
CAK,2015,6,558,7029
CAK,2015,7,578,7006
CAK,2015,8,538,2803
CAK,2015,9,463,-1771
CDC,2015,1,53,284
CDC,2015,11,51,251
CDC,2015,12,53,1065
CDC,2015,2,48,13
CDC,2015,3,53,440
CDC,2015,4,52,281
CDC,2015,5,52,518
CDC,2015,6,51,195
CDC,2015,7,54,248
CDC,2015,8,52,452
CDC,2015,9,52,402
CDV,2015,1,60,-185
CDV,2015,11,58,100
CDV,2015,12,58,-512
CDV,2015,2,55,-207
CDV,2015,3,61,435
CDV,2015,4,59,272
CDV,2015,5,62,-80
CDV,2015,6,60,197
CDV,2015,7,62,208
CDV,2015,8,62,18
CDV,2015,9,60,335
CEC,2015,1,61,477
CEC,2015,2,54,305
CEC,2015,3,59,18
CEC,2015,4,11,-51
CHA,2015,1,312,1531
CHA,2015,11,397,3165
CHA,2015,12,371,3161
CHA,2015,2,332,3549
CHA,2015,3,382,2461
CHA,2015,4,396,957
CHA,2015,5,417,2253
CHA,2015,6,398,5289
CHA,2015,7,402,1413
CHA,2015,8,404,1192
CHA,2015,9,386,781
CHO,2015,1,201,4256
CHO,2015,11,218,1361
CHO,2015,12,187,2512
CHO,2015,2,185,4420
CHO,2015,3,208,2715
CHO,2015,4,175,252
CHO,2015,5,202,1375
CHO,2015,6,179,1915
CHO,2015,7,204,1199
CHO,2015,8,212,2637
CHO,2015,9,226,14
CHS,2015,1,929,6481
CHS,2015,11,1206,1042
CHS,2015,12,1072,3913
CHS,2015,2,778,7179
CHS,2015,3,1032,4958
CHS,2015,4,1166,3415
CHS,2015,5,1143,892
CHS,2015,6,1089,8281
CHS,2015,7,1177,5064
CHS,2015,8,1135,3975
CHS,2015,9,1071,1605
CID,2015,1,665,11655
CID,2015,11,493,772
CID,2015,12,548,1405
CID,2015,2,613,13161
CID,2015,3,647,6371
CID,2015,4,635,2479
CID,2015,5,710,2132
CID,2015,6,658,6838
CID,2015,7,712,3030
CID,2015,8,650,2070
CID,2015,9,482,-598
CIU,2015,1,57,936
CIU,2015,11,58,101
CIU,2015,12,62,-298
CIU,2015,2,52,587
CIU,2015,3,58,480
CIU,2015,4,56,381
CIU,2015,5,62,203
CIU,2015,6,22,165
CIU,2015,7,62,381
CIU,2015,8,62,552
CIU,2015,9,60,-138
CLD,2015,1,203,208
CLD,2015,2,188,1496
CLD,2015,3,209,1064
CLD,2015,4,39,-17
CLE,2015,1,2992,21726
CLE,2015,11,3066,-6128
CLE,2015,12,2841,5297
CLE,2015,2,2827,31318
CLE,2015,3,3154,16694
CLE,2015,4,3138,5423
CLE,2015,5,3400,11074
CLE,2015,6,3305,40916
CLE,2015,7,3365,18090
CLE,2015,8,3318,16870
CLE,2015,9,3121,-6620
CLL,2015,1,201,1945
CLL,2015,11,214,-1143
CLL,2015,12,190,-706
CLL,2015,2,185,1425
CLL,2015,3,211,1404
CLL,2015,4,205,657
CLL,2015,5,228,981
CLL,2015,6,231,560
CLL,2015,7,216,-346
CLL,2015,8,219,-440
CLL,2015,9,204,-807
CLT,2015,1,9345,14685
CLT,2015,11,9175,-13297
CLT,2015,12,9251,28004
CLT,2015,2,8288,41091
CLT,2015,3,9377,23561
CLT,2015,4,8869,18293
CLT,2015,5,9211,-2866
CLT,2015,6,9008,42504
CLT,2015,7,9338,25944
CLT,2015,8,9234,28874
CLT,2015,9,9074,-2239
CMH,2015,1,2065,22907
CMH,2015,11,2161,-1293
CMH,2015,12,2096,6442
CMH,2015,2,1916,20192
CMH,2015,3,2400,16048
CMH,2015,4,2260,2899
CMH,2015,5,2256,6508
CMH,2015,6,2324,24394
CMH,2015,7,2354,22231
CMH,2015,8,2242,9474
CMH,2015,9,2055,-5013
CMI,2015,1,207,5577
CMI,2015,11,220,-142
CMI,2015,12,209,58
CMI,2015,2,188,4555
CMI,2015,3,184,1580
CMI,2015,4,176,-671
CMI,2015,5,179,-407
CMI,2015,6,175,1128
CMI,2015,7,179,-548
CMI,2015,8,195,-1645
CMI,2015,9,199,-2155
CMX,2015,1,59,449
CMX,2015,11,60,63
CMX,2015,12,60,70
CMX,2015,2,55,690
CMX,2015,3,61,305
CMX,2015,4,60,19
CMX,2015,5,62,-390
CMX,2015,6,60,1459
CMX,2015,7,62,-10
CMX,2015,8,62,60
CMX,2015,9,61,-130
CNY,2015,1,54,-813
CNY,2015,2,48,-378
CNY,2015,3,53,-664
CNY,2015,4,51,-518
COD,2015,1,61,24
COD,2015,11,31,-4
COD,2015,12,35,183
COD,2015,2,56,772
COD,2015,3,60,-115
COD,2015,4,59,-59
COD,2015,5,62,287
COD,2015,6,88,816
COD,2015,7,98,626
COD,2015,8,75,493
COD,2015,9,32,-326
COS,2015,1,600,11599
COS,2015,11,573,5144
COS,2015,12,621,6688
COS,2015,2,545,8508
COS,2015,3,638,2703
COS,2015,4,656,4185
COS,2015,5,679,6388
COS,2015,6,675,10755
COS,2015,7,636,7248
COS,2015,8,640,5243
COS,2015,9,592,153
COU,2015,1,124,3165
COU,2015,11,117,93
COU,2015,12,124,-507
COU,2015,2,111,2835
COU,2015,3,124,1600
COU,2015,4,116,120
COU,2015,5,115,2939
COU,2015,6,119,2733
COU,2015,7,121,843
COU,2015,8,122,208
COU,2015,9,114,-444
CPR,2015,1,166,1164
CPR,2015,11,134,-521
CPR,2015,12,98,-99
CPR,2015,2,147,475
CPR,2015,3,198,-718
CPR,2015,4,195,-383
CPR,2015,5,120,-403
CPR,2015,6,168,287
CPR,2015,7,213,637
CPR,2015,8,188,-598
CPR,2015,9,141,-1297
CRP,2015,1,545,6039
CRP,2015,11,371,1583
CRP,2015,12,326,2177
CRP,2015,2,513,4117
CRP,2015,3,587,7155
CRP,2015,4,563,6097
CRP,2015,5,571,8640
CRP,2015,6,377,4980
CRP,2015,7,367,1187
CRP,2015,8,337,1611
CRP,2015,9,301,-617
CRW,2015,1,174,2372
CRW,2015,11,214,565
CRW,2015,12,213,714
CRW,2015,2,169,2960
CRW,2015,3,237,2710
CRW,2015,4,236,1062
CRW,2015,5,242,2260
CRW,2015,6,230,2271
CRW,2015,7,223,1133
CRW,2015,8,227,1608
BHM,2015,4,1084,4751
BHM,2015,5,1150,5400
BHM,2015,6,1216,12623
BHM,2015,7,1197,8704
BHM,2015,8,1171,6477
BHM,2015,9,1104,-1550
BIL,2015,1,222,969
BIL,2015,11,254,-423
BIL,2015,12,268,1128
BIL,2015,2,207,965
BIL,2015,3,246,289
BIL,2015,4,222,138
BIL,2015,5,249,1291
BIL,2015,6,277,1083
BIL,2015,7,338,737
BIL,2015,8,332,-32
BIL,2015,9,243,-1055
BIS,2015,1,309,4576
BIS,2015,11,301,-1034
BIS,2015,12,309,276
BIS,2015,2,280,4778
BIS,2015,3,298,1400
BIS,2015,4,298,1234
BIS,2015,5,319,103
BIS,2015,6,325,3098
BIS,2015,7,359,1559
BIS,2015,8,354,756
BIS,2015,9,299,-340
BJI,2015,1,62,-16
BJI,2015,11,59,255
BJI,2015,12,62,-974
BJI,2015,2,56,-400
BJI,2015,3,62,-448
BJI,2015,4,60,-525
BJI,2015,5,62,503
BJI,2015,6,60,132
BJI,2015,7,61,71
BJI,2015,8,62,416
BJI,2015,9,60,-211
BLI,2015,1,92,-624
BLI,2015,11,90,-572
BLI,2015,12,101,-763
BLI,2015,2,84,-596
BLI,2015,3,105,-884
BLI,2015,4,92,-829
BLI,2015,5,92,-375
BLI,2015,6,17,-217
BLI,2015,8,31,84
BMI,2015,1,249,4179
BMI,2015,11,225,-88
BMI,2015,12,254,486
BMI,2015,2,238,4393
BMI,2015,3,266,3157
BMI,2015,4,234,1749
BMI,2015,5,230,1336
BMI,2015,6,269,2630
BMI,2015,7,258,465
BMI,2015,8,257,874
BMI,2015,9,245,-144
BNA,2015,1,4096,24618
BNA,2015,11,4265,841
BNA,2015,12,4232,23104
BNA,2015,2,3662,19091
BNA,2015,3,4437,21775
BNA,2015,4,4258,9709
BNA,2015,5,4379,16721
BNA,2015,6,4572,45359
BNA,2015,7,4721,37817
BNA,2015,8,4569,12719
BNA,2015,9,4272,-10841
BOI,2015,1,932,9336
BOI,2015,11,1147,3891
BOI,2015,12,1195,11571
BOI,2015,2,834,7156
BOI,2015,3,959,966
BOI,2015,4,916,3395
BOI,2015,5,1059,2607
BOI,2015,6,1136,11971
BOI,2015,7,1192,10888
BOI,2015,8,1173,5873
BOI,2015,9,1074,1018
BOS,2015,1,8831,56403
BOS,2015,11,9457,-4203
BOS,2015,12,9093,53286
BOS,2015,2,8363,154474
BOS,2015,3,9952,76173
BOS,2015,4,9995,29022
BOS,2015,5,10226,35623
BOS,2015,6,10537,84264
BOS,2015,7,10833,67303
BOS,2015,8,10705,79948
BOS,2015,9,9718,24347
BPT,2015,1,91,1773
BPT,2015,11,80,707
BPT,2015,12,89,1575
BPT,2015,2,81,1166
BPT,2015,3,91,1714
BPT,2015,4,89,1411
BPT,2015,5,89,1164
BPT,2015,6,90,1098
BPT,2015,7,91,890
BPT,2015,8,91,1117
BPT,2015,9,84,773
BQK,2015,1,85,-113
BQK,2015,11,81,596
BQK,2015,12,83,809
BQK,2015,2,78,667
BQK,2015,3,80,702
BQK,2015,4,76,371
BQK,2015,5,78,89
BQK,2015,6,77,359
BQK,2015,7,77,473
BQK,2015,8,79,470
BQK,2015,9,80,673
BQN,2015,1,115,1408
BQN,2015,11,115,976
BQN,2015,12,141,2618
BQN,2015,2,83,861
BQN,2015,3,99,1592
BQN,2015,4,99,1284
BQN,2015,5,120,1142
BQN,2015,6,150,2170
BQN,2015,7,173,2317
BQN,2015,8,152,1524
BQN,2015,9,92,300
BRD,2015,1,55,-116
BRD,2015,11,50,-506
BRD,2015,12,54,-914
BRD,2015,2,48,-255
BRD,2015,3,53,-175
BRD,2015,4,52,-446
BRD,2015,5,52,-341
BRD,2015,6,52,-161
BRD,2015,7,62,-198
BRD,2015,8,60,-177
BRD,2015,9,52,1181
BRO,2015,1,198,1850
BRO,2015,11,187,-276
BRO,2015,12,195,-664
BRO,2015,2,201,957
BRO,2015,3,242,2800
BRO,2015,4,213,1186
BRO,2015,5,222,2402
BRO,2015,6,235,3083
BRO,2015,7,236,394
BRO,2015,8,232,-233
BRO,2015,9,188,-1367
BRW,2015,1,80,919
BRW,2015,11,76,125
BRW,2015,12,77,-46
BRW,2015,2,70,403
BRW,2015,3,79,680
BRW,2015,4,74,563
BRW,2015,5,79,-26
BRW,2015,6,75,334
BRW,2015,7,69,328
BRW,2015,8,75,22
BRW,2015,9,75,22
BTM,2015,1,61,-199
BTM,2015,11,59,-16
BTM,2015,12,58,981
BTM,2015,2,56,-402
BTM,2015,3,62,-494
BTM,2015,4,58,-359
BTM,2015,5,62,-365
BTM,2015,6,60,-401
BTM,2015,7,62,-556
BTM,2015,8,60,-27
BTM,2015,9,60,-698
BTR,2015,1,649,4878
BTR,2015,11,647,2936
BTR,2015,12,612,4404
BTR,2015,2,620,5973
BTR,2015,3,701,7733
BTR,2015,4,655,7991
BTR,2015,5,668,9354
BTR,2015,6,658,10157
BTR,2015,7,675,4592
BTR,2015,8,668,4591
BTR,2015,9,593,718
BTV,2015,1,240,2622
BTV,2015,11,235,765
BTV,2015,12,375,3873
BTV,2015,2,179,2907
BTV,2015,3,238,2629
BTV,2015,4,259,2945
BTV,2015,5,241,942
BTV,2015,6,273,3591
BTV,2015,7,305,2829
BTV,2015,8,280,1047
BTV,2015,9,346,1810
BUF,2015,1,1294,9869
BUF,2015,11,1497,-2418
BUF,2015,12,1519,6936
BUF,2015,2,1231,14331
BUF,2015,3,1561,10908
BUF,2015,4,1598,6119
BUF,2015,5,1676,1148
BUF,2015,6,1634,15862
BUF,2015,7,1682,14751
BUF,2015,8,1602,12221
BUF,2015,9,1519,-631
BUR,2015,1,1695,7317
BUR,2015,11,1698,5958
BUR,2015,12,1739,11311
BUR,2015,2,1526,9970
BUR,2015,3,1754,3345
BUR,2015,4,1704,6914
BUR,2015,5,1720,9729
BUR,2015,6,1735,10794
BUR,2015,7,1820,12203
BUR,2015,8,1780,8171
BUR,2015,9,1698,-428
BWI,2015,1,6901,21322
BWI,2015,11,7879,-4106
BWI,2015,12,7989,28868
BWI,2015,2,6208,27305
BWI,2015,3,7735,14109
BWI,2015,4,7878,-12865
BWI,2015,5,8146,2348
BWI,2015,6,8334,92912
BWI,2015,7,8714,72908
BWI,2015,8,8291,44302
BWI,2015,9,7695,16515
BZN,2015,1,250,2363
BZN,2015,11,252,-887
BZN,2015,12,328,3808
BZN,2015,2,271,1856
BZN,2015,3,297,685
BZN,2015,4,201,312
BZN,2015,5,169,110
BZN,2015,6,363,1024
BZN,2015,7,513,765
BZN,2015,8,525,1667
BZN,2015,9,420,-2020
CAE,2015,1,532,5022
CAE,2015,11,442,4129
CAE,2015,12,424,5752
ACY,2015,2,308,4870
ACY,2015,3,360,1882
ACY,2015,4,360,1050
ACY,2015,5,345,6358
ACY,2015,6,330,8854
ACY,2015,7,341,4860
ACY,2015,8,340,6548
ACY,2015,9,268,1570
ADK,2015,1,9,-221
ADK,2015,11,9,78
ADK,2015,12,9,-39
ADK,2015,2,8,-28
ADK,2015,3,9,31
ADK,2015,4,9,-45
ADK,2015,5,9,46
ADK,2015,6,8,-48
ADK,2015,7,9,-57
ADK,2015,8,9,35
ADK,2015,9,8,-36
ADQ,2015,1,30,27
ADQ,2015,11,30,-115
ADQ,2015,12,30,-85
ADQ,2015,2,28,7
ADQ,2015,3,31,85
ADQ,2015,4,30,122
ADQ,2015,5,62,-71
ADQ,2015,6,57,0
ADQ,2015,7,58,-164
ADQ,2015,8,57,58
ADQ,2015,9,47,-155
AEX,2015,1,281,1077
AEX,2015,11,273,712
AEX,2015,12,285,1807
AEX,2015,2,262,1458
AEX,2015,3,301,2613
AEX,2015,4,288,2093
AEX,2015,5,293,2634
AEX,2015,6,295,3399
AEX,2015,7,298,2254
AEX,2015,8,295,694
AEX,2015,9,267,297
AGS,2015,1,200,1326
AGS,2015,11,214,1445
AGS,2015,12,219,1641
AGS,2015,2,176,2401
AGS,2015,3,229,1142
AGS,2015,4,228,1075
AGS,2015,5,225,1538
AGS,2015,6,218,2835
AGS,2015,7,221,790
AGS,2015,8,215,580
AGS,2015,9,216,173
AKN,2015,6,24,197
AKN,2015,7,31,-25
AKN,2015,8,8,-22
ALB,2015,1,569,4872
ALB,2015,11,715,364
ALB,2015,12,777,1973
ALB,2015,2,549,5020
ALB,2015,3,684,5387
ALB,2015,4,681,2925
ALB,2015,5,701,3236
ALB,2015,6,638,7941
ALB,2015,7,713,8685
ALB,2015,8,731,5782
ALB,2015,9,694,2092
ALO,2015,1,58,1569
ALO,2015,11,56,287
ALO,2015,12,58,-141
ALO,2015,2,52,1566
ALO,2015,3,58,290
ALO,2015,4,56,-551
ALO,2015,5,55,-176
ALO,2015,6,56,219
ALO,2015,7,58,280
ALO,2015,8,57,110
ALO,2015,9,53,25
AMA,2015,1,525,5295
AMA,2015,11,262,1719
AMA,2015,12,258,493
AMA,2015,2,464,3934
AMA,2015,3,484,2918
AMA,2015,4,341,2413
AMA,2015,5,333,3666
AMA,2015,6,478,3793
AMA,2015,7,451,3003
AMA,2015,8,316,585
AMA,2015,9,289,-675
ANC,2015,1,1178,-4732
ANC,2015,11,1179,3722
ANC,2015,12,1264,-6547
ANC,2015,2,1026,-2147
ANC,2015,3,1202,3699
ANC,2015,4,1177,-5368
ANC,2015,5,1509,-2620
ANC,2015,6,1892,10309
ANC,2015,7,2081,15603
ANC,2015,8,1990,13533
ANC,2015,9,1474,2633
APN,2015,1,52,1173
APN,2015,11,50,-180
APN,2015,12,54,494
APN,2015,2,48,581
APN,2015,3,53,54
APN,2015,4,52,71
APN,2015,5,52,-310
APN,2015,6,52,-330
APN,2015,7,54,53
APN,2015,8,51,-332
APN,2015,9,52,-396
ASE,2015,1,600,10139
ASE,2015,11,34,645
ASE,2015,12,423,15643
ASE,2015,2,588,10166
ASE,2015,3,720,5938
ASE,2015,4,186,242
ASE,2015,5,35,420
ASE,2015,6,234,3869
ASE,2015,7,255,2551
ASE,2015,8,216,1748
ASE,2015,9,112,243
ATL,2015,1,29459,16908
ATL,2015,11,30877,7375
ATL,2015,12,30882,204745
ATL,2015,2,27347,116495
ATL,2015,3,32752,95362
ATL,2015,4,31307,42358
ATL,2015,5,32284,63369
ATL,2015,6,32542,204959
ATL,2015,7,33515,54424
ATL,2015,8,33575,59809
ATL,2015,9,31251,-102027
ATW,2015,1,225,1932
ATW,2015,11,251,-63
ATW,2015,12,229,1389
ATW,2015,2,209,3258
ATW,2015,3,283,171
ATW,2015,4,260,-633
ATW,2015,5,300,69
ATW,2015,6,224,1363
ATW,2015,7,315,860
ATW,2015,8,301,1396
ATW,2015,9,245,127
AUS,2015,1,3371,24202
AUS,2015,11,3954,56745
AUS,2015,12,3887,18828
AUS,2015,2,3060,23620
AUS,2015,3,3739,29093
AUS,2015,4,3739,22850
AUS,2015,5,3909,37705
AUS,2015,6,4043,35361
AUS,2015,7,4301,24645
AUS,2015,8,4163,18335
AUS,2015,9,3799,-12957
AVL,2015,1,209,1446
AVL,2015,11,214,1466
AVL,2015,12,209,3174
AVL,2015,2,179,1780
AVL,2015,3,234,2089
AVL,2015,4,220,1155
AVL,2015,5,214,989
AVL,2015,6,317,2521
AVL,2015,7,342,1955
AVL,2015,8,317,1117
AVL,2015,9,282,-211
AVP,2015,1,117,1640
AVP,2015,11,156,1208
AVP,2015,12,113,-64
AVP,2015,2,90,1296
AVP,2015,3,92,445
AVP,2015,4,140,447
AVP,2015,5,154,860
AVP,2015,6,115,1655
AVP,2015,7,146,2332
AVP,2015,8,121,1591
AVP,2015,9,109,1572
AZO,2015,1,212,2650
AZO,2015,11,192,-210
AZO,2015,12,218,-767
AZO,2015,2,154,2687
AZO,2015,3,194,981
AZO,2015,4,146,-1556
AZO,2015,5,133,-1154
AZO,2015,6,160,1154
AZO,2015,7,130,-926
AZO,2015,8,143,-135
AZO,2015,9,160,-530
BDL,2015,1,1674,11859
BDL,2015,11,1753,2111
BDL,2015,12,1699,10044
BDL,2015,2,1463,16487
BDL,2015,3,1723,9805
BDL,2015,4,1694,6781
BDL,2015,5,1814,7551
BDL,2015,6,1790,21763
BDL,2015,7,1841,16044
BDL,2015,8,1753,13869
BDL,2015,9,1555,5136
BET,2015,1,82,-270
BET,2015,11,75,1082
BET,2015,12,80,-29
BET,2015,2,76,423
BET,2015,3,84,70
BET,2015,4,82,-38
BET,2015,5,83,55
BET,2015,6,82,270
BET,2015,7,85,369
BET,2015,8,83,484
BET,2015,9,82,28
BFL,2015,1,227,2690
BFL,2015,11,236,-3
BFL,2015,12,230,1594
BFL,2015,2,205,1127
BFL,2015,3,242,683
BFL,2015,4,261,1371
BFL,2015,5,265,1733
BFL,2015,6,261,2466
BFL,2015,7,257,836
BFL,2015,8,243,1774
BFL,2015,9,197,-38
BGM,2015,11,29,-14
BGM,2015,12,62,560
BGM,2015,2,38,712
BGM,2015,6,44,-180
BGM,2015,7,60,-1
BGM,2015,8,29,4
BGM,2015,9,1,6
BGR,2015,11,34,50
BGR,2015,12,25,170
BGR,2015,2,22,279
BGR,2015,4,1,15
BGR,2015,5,58,283
BGR,2015,6,44,770
BGR,2015,7,66,-313
BGR,2015,8,76,-92
BGR,2015,9,42,-356
BHM,2015,1,1149,8538
BHM,2015,11,1109,1114
BHM,2015,12,1048,6905
BHM,2015,2,1051,7688
BHM,2015,3,1204,8415
13244,2015,10,1517,-1447
13256,2015,10,238,130
13264,2015,10,243,1018
13277,2015,10,308,310
13290,2015,10,151,-762
13296,2015,10,578,-448
13303,2015,10,5948,-6352
13342,2015,10,2644,-5096
13344,2015,10,62,244
13360,2015,10,116,-507
13367,2015,10,308,-594
13377,2015,10,278,270
13422,2015,10,436,1415
13433,2015,10,218,-126
13459,2015,10,26,-100
13476,2015,10,238,934
13485,2015,10,837,-2167
13486,2015,10,170,-1002
13487,2015,10,10617,-18260
13495,2015,10,3665,-4918
13502,2015,10,7,-3
13541,2015,10,11,-34
13577,2015,10,507,452
13795,2015,10,112,782
13796,2015,10,4012,-4208
13830,2015,10,1819,-99
13851,2015,10,1639,-768
13871,2015,10,1500,-377
13873,2015,10,59,162
13891,2015,10,1742,3542
13930,2015,10,27583,-39732
13931,2015,10,910,271
13933,2015,10,61,11
13964,2015,10,32,861
13970,2015,10,61,79
14006,2015,10,62,-123
14025,2015,10,13,234
14027,2015,10,1745,-1349
14057,2015,10,4550,-11837
14098,2015,10,112,-40
14100,2015,10,6077,-4542
14107,2015,10,12921,-10067
14108,2015,10,474,-681
14109,2015,10,52,240
14113,2015,10,57,-180
14122,2015,10,2129,-4615
14150,2015,10,62,-158
14193,2015,10,478,-205
14222,2015,10,9,118
14252,2015,10,209,-353
14254,2015,10,62,151
14256,2015,10,60,605
14262,2015,10,673,671
14307,2015,10,1096,445
14321,2015,10,479,402
14457,2015,10,231,-470
14487,2015,10,62,427
14489,2015,10,200,-284
14492,2015,10,2999,-1097
14520,2015,10,88,-768
14524,2015,10,1644,901
14543,2015,10,55,-615
14570,2015,10,1144,970
14574,2015,10,223,-533
14576,2015,10,738,7
14588,2015,10,90,803
14633,2015,10,184,-1247
14635,2015,10,1777,-5407
14674,2015,10,92,-349
14679,2015,10,6202,-16307
14683,2015,10,2623,1654
14685,2015,10,659,-861
14689,2015,10,564,-81
14696,2015,10,415,1160
14698,2015,10,248,1325
14709,2015,10,81,45
14711,2015,10,62,493
14730,2015,10,842,-3198
14747,2015,10,10374,-4795
14771,2015,10,14157,-4001
14783,2015,10,527,-910
14794,2015,10,202,867
14814,2015,10,554,1428
14828,2015,10,93,302
14831,2015,10,3474,-5662
14842,2015,10,145,-63
14843,2015,10,1876,-1216
14869,2015,10,8757,-33790
14893,2015,10,3617,1675
14905,2015,10,62,-104
14908,2015,10,3530,-12515
14952,2015,10,150,336
14960,2015,10,121,-312
14986,2015,10,306,-1734
15016,2015,10,4308,-9326
15024,2015,10,236,121
15027,2015,10,69,77
15041,2015,10,60,-302
15048,2015,10,57,-596
15070,2015,10,62,722
15096,2015,10,639,-1824
15249,2015,10,278,-1129
15295,2015,10,88,-1403
15304,2015,10,5145,-8006
15323,2015,10,159,-575
15356,2015,10,276,926
15370,2015,10,1318,1175
15376,2015,10,1311,852
15380,2015,10,208,-458
15389,2015,10,87,6
15401,2015,10,88,486
15411,2015,10,227,-28
15412,2015,10,628,274
15497,2015,10,14,-147
15607,2015,10,88,352
15624,2015,10,412,-519
15841,2015,10,61,423
15919,2015,10,939,1321
15991,2015,10,62,-22
16218,2015,10,176,-290
ABE,2015,1,162,650
ABE,2015,11,233,631
ABE,2015,12,153,809
ABE,2015,2,164,2171
ABE,2015,3,213,1003
ABE,2015,4,224,592
ABE,2015,5,230,440
ABE,2015,6,205,2097
ABE,2015,7,231,830
ABE,2015,8,232,1501
ABE,2015,9,221,2150
ABI,2015,1,239,2806
ABI,2015,11,190,-174
ABI,2015,12,209,479
ABI,2015,2,215,1777
ABI,2015,3,244,2475
ABI,2015,4,202,2102
ABI,2015,5,206,1639
ABI,2015,6,205,691
ABI,2015,7,211,-267
ABI,2015,8,210,-1180
ABI,2015,9,193,-1271
ABQ,2015,1,1568,8624
ABQ,2015,11,1632,6479
ABQ,2015,12,1612,12504
ABQ,2015,2,1407,7448
ABQ,2015,3,1689,8837
ABQ,2015,4,1751,9704
ABQ,2015,5,1860,11576
ABQ,2015,6,1902,18926
ABQ,2015,7,2043,14856
ABQ,2015,8,1936,11335
ABQ,2015,9,1755,-3874
ABR,2015,1,62,-223
ABR,2015,11,62,154
ABR,2015,12,62,-171
ABR,2015,2,54,-333
ABR,2015,3,62,-583
ABR,2015,4,60,-605
ABR,2015,5,61,-449
ABR,2015,6,60,-89
ABR,2015,7,61,150
ABR,2015,8,62,0
ABR,2015,9,60,-78
ABY,2015,1,81,545
ABY,2015,11,80,1115
ABY,2015,12,75,852
ABY,2015,2,74,391
ABY,2015,3,88,855
ABY,2015,4,83,608
ABY,2015,5,79,666
ABY,2015,6,77,601
ABY,2015,7,77,965
ABY,2015,8,79,459
ABY,2015,9,78,444
ACK,2015,5,48,598
ACK,2015,6,87,916
ACK,2015,7,139,-42
ACK,2015,8,138,749
ACK,2015,9,79,172
ACT,2015,1,147,2016
ACT,2015,11,142,665
ACT,2015,12,151,-259
ACT,2015,2,134,1697
ACT,2015,3,155,2947
ACT,2015,4,150,1066
ACT,2015,5,149,2921
ACT,2015,6,146,2585
ACT,2015,7,149,1744
ACT,2015,8,148,1149
ACT,2015,9,139,-139
ACV,2015,1,148,1040
ACV,2015,11,132,404
ACV,2015,12,125,2348
ACV,2015,2,130,1162
ACV,2015,3,100,1096
ACV,2015,4,113,581
ACV,2015,5,98,1231
ACV,2015,6,110,915
ACV,2015,7,123,1291
ACV,2015,8,122,1660
ACV,2015,9,114,531
ACY,2015,1,341,2881
ACY,2015,11,278,1533
ACY,2015,12,296,1338
10135,2015,10,236,278
10136,2015,10,201,237
10140,2015,10,1814,2954
10141,2015,10,71,-134
10146,2015,10,87,620
10154,2015,10,27,189
10155,2015,10,148,-285
10157,2015,10,120,1110
10158,2015,10,247,880
10165,2015,10,9,-142
10170,2015,10,31,16
10185,2015,10,282,1711
10208,2015,10,222,19
10257,2015,10,733,-1068
10268,2015,10,56,-438
10279,2015,10,306,480
10299,2015,10,1231,-342
10333,2015,10,52,-319
10372,2015,10,58,283
10397,2015,10,32583,-72313
10408,2015,10,260,49
10423,2015,10,3979,9095
10431,2015,10,280,2006
10434,2015,10,113,-88
10469,2015,10,121,-1206
10529,2015,10,1715,-1195
10551,2015,10,84,-76
10561,2015,10,183,-389
10577,2015,10,61,-57
10581,2015,10,26,213
10599,2015,10,1146,1585
10620,2015,10,263,-1369
10627,2015,10,340,-1310
10631,2015,10,62,-69
10666,2015,10,1,-6
10685,2015,10,237,-1402
10693,2015,10,4478,-3589
10713,2015,10,1163,949
10721,2015,10,10151,3485
10728,2015,10,87,370
10731,2015,10,85,657
10732,2015,10,98,628
10739,2015,10,53,-340
10747,2015,10,201,-97
10754,2015,10,80,-111
10779,2015,10,62,-345
10781,2015,10,657,2666
10785,2015,10,347,1302
10792,2015,10,1585,-680
10800,2015,10,1767,-1365
10821,2015,10,8001,-14238
10849,2015,10,335,-1821
10868,2015,10,434,268
10874,2015,10,490,502
10918,2015,10,53,195
10926,2015,10,62,152
10980,2015,10,416,-7
10990,2015,10,237,572
10994,2015,10,1205,1438
11003,2015,10,533,-1009
11013,2015,10,57,-257
11042,2015,10,3220,-5677
11049,2015,10,222,-417
11057,2015,10,9569,-17795
11066,2015,10,2187,-6925
11067,2015,10,206,-3337
11076,2015,10,60,-234
11097,2015,10,30,-56
11109,2015,10,606,2254
11111,2015,10,121,-726
11122,2015,10,139,-955
11140,2015,10,365,1642
11146,2015,10,221,-37
11150,2015,10,111,589
11193,2015,10,1911,-2546
11203,2015,10,144,-547
11252,2015,10,119,-761
11259,2015,10,5872,9499
11267,2015,10,751,-1982
11274,2015,10,86,-498
11278,2015,10,6802,-6708
11292,2015,10,18107,-15203
11298,2015,10,20890,-10418
11308,2015,10,118,-259
11315,2015,10,61,-679
11337,2015,10,222,193
11413,2015,10,178,-886
11423,2015,10,706,-1726
11433,2015,10,9902,-4541
11447,2015,10,48,-617
11471,2015,10,62,165
11481,2015,10,374,-913
11503,2015,10,3,-10
11525,2015,10,53,37
11537,2015,10,195,433
11540,2015,10,1045,2735
11577,2015,10,57,108
11587,2015,10,53,-396
11603,2015,10,328,1026
11612,2015,10,399,-2392
11617,2015,10,54,133
11618,2015,10,9631,20189
11624,2015,10,151,-851
11630,2015,10,177,173
11637,2015,10,525,-736
11638,2015,10,657,-194
11641,2015,10,150,-346
11648,2015,10,123,-666
11695,2015,10,156,1125
11697,2015,10,5791,5889
11721,2015,10,412,-1451
11775,2015,10,444,95
11778,2015,10,180,282
11823,2015,10,511,-2056
11865,2015,10,88,-610
11867,2015,10,62,1
11884,2015,10,828,-245
11898,2015,10,88,118
11905,2015,10,60,-35
11921,2015,10,271,-642
11953,2015,10,234,768
11973,2015,10,302,-30
11977,2015,10,488,-394
11980,2015,10,57,-362
11982,2015,10,369,-653
11986,2015,10,924,-708
11995,2015,10,595,-631
11996,2015,10,630,-795
12003,2015,10,190,-592
12007,2015,10,87,-436
12016,2015,10,31,-489
12094,2015,10,20,61
12129,2015,10,84,560
12156,2015,10,141,-413
12173,2015,10,3779,7820
12177,2015,10,53,-106
12191,2015,10,4706,1998
12197,2015,10,717,2331
12206,2015,10,285,1296
12217,2015,10,388,-1999
12255,2015,10,53,-321
12264,2015,10,2998,-8608
12265,2015,10,22,59
12266,2015,10,13160,7727
12278,2015,10,694,-739
12280,2015,10,201,-540
12323,2015,10,215,403
12335,2015,10,57,-802
12339,2015,10,2377,-5173
12343,2015,10,53,220
12389,2015,10,219,-406
12391,2015,10,365,1650
12402,2015,10,503,-1255
12441,2015,10,157,-97
12448,2015,10,653,-345
12451,2015,10,1707,-1252
12478,2015,10,8273,26090
12511,2015,10,58,-55
12519,2015,10,74,-437
12523,2015,10,332,449
12758,2015,10,967,-1217
12819,2015,10,185,1058
12884,2015,10,224,273
12888,2015,10,53,-324
12889,2015,10,12691,-14094
12891,2015,10,124,-16
12892,2015,10,17725,-35981
12896,2015,10,432,4194
12898,2015,10,116,262
12915,2015,10,198,-484
12945,2015,10,585,-1205
12951,2015,10,432,1247
12953,2015,10,8547,12943
12954,2015,10,775,175
12982,2015,10,882,282
12992,2015,10,1050,-630
13029,2015,10,288,-19
13061,2015,10,203,547
13076,2015,10,166,-522
13127,2015,10,53,-406
13158,2015,10,601,1516
13184,2015,10,142,800
13198,2015,10,3557,-276
13204,2015,10,9045,-6520
13230,2015,10,285,-1211
13232,2015,10,7610,-32546
13241,2015,10,84,691
